name, accident, accident_maxdev, max_dev, attack_start_from_init, aggr_start_from_init, accident_from_init, attack_start_from_init_time, aggr_start_from_init_time, accident_time, attack_duration, success_attack_duration, crash_x, crash_y, spoofed_gps_x, spoofed_gps_y, pos_diff, start_time_x, start_time_y
attack-rhs_9021_9071_0.5_1.2, 1, 1.124986, 32.110007, 41, 91, 9116, 0.4000, 0.9000, 91.1500, 90.2500, 90.2500, -716.1623, 160.1006, -715.6726, 158.4274, 1.7434, 40.9900, 41.0100
attack-rhs_9022_9071_0.5_1.2, 1, 1.124422, 32.124235, 42, 91, 9116, 0.4100, 0.9000, 91.1500, 90.2500, 90.2500, -716.1622, 160.1001, -715.6726, 158.4274, 1.7429, 41.9900, 42.0100
attack-rhs_9023_9071_0.5_1.2, 1, 1.124972, 32.109576, 43, 91, 9116, 0.4200, 0.9000, 91.1500, 90.2500, 90.2500, -716.1623, 160.1006, -715.6726, 158.4274, 1.7434, 42.9800, 43.0100
attack-rhs_9024_9071_0.5_1.2, 1, 1.116565, 32.199136, 44, 91, 9116, 0.4300, 0.9000, 91.1500, 90.2500, 90.2500, -716.1599, 160.0925, -715.6726, 158.4274, 1.7350, 43.9900, 44.0100
attack-rhs_9025_9071_0.5_1.2, 1, 1.116541, 32.094409, 45, 91, 9169, 0.4400, 0.9000, 91.6800, 90.7800, 90.7800, -716.1499, 160.1194, -715.6452, 158.3952, 1.7965, 44.9900, 45.0100
attack-rhs_9026_9071_0.5_1.2, 1, 1.124722, 32.105808, 46, 91, 9116, 0.4500, 0.9000, 91.1500, 90.2500, 90.2500, -716.1622, 160.1004, -715.6726, 158.4274, 1.7432, 45.9900, 46.0100
attack-rhs_9027_9071_0.5_1.2, 1, 1.117988, 31.913863, 47, 91, 9170, 0.4600, 0.9000, 91.6900, 90.7900, 90.7900, -716.1486, 160.1210, -715.6432, 158.3942, 1.7992, 46.9900, 47.0100
attack-rhs_9028_9071_0.5_1.2, 1, 1.125350, 32.104093, 48, 91, 9116, 0.4700, 0.9000, 91.1500, 90.2500, 90.2500, -716.1624, 160.1010, -715.6726, 158.4274, 1.7438, 47.9800, 48.0100
attack-rhs_9029_9071_0.5_1.2, 1, 1.124927, 32.110151, 49, 91, 9116, 0.4800, 0.9000, 91.1500, 90.2500, 90.2500, -716.1623, 160.1006, -715.6726, 158.4274, 1.7434, 48.9900, 49.0100
attack-rhs_9030_9035_0.5_1.2, 0, 1.124927, 0.495488, 50, 55, 1, 0.4900, 0.5400, 0.0000, 340.4500, 0.0000, 0.0000, 0.0000, 0.0000, 0.0000, 0.0000, 340.9700, 339.8900
attack-rhs_9031_9071_0.5_1.2, 1, 1.124809, 32.107140, 51, 91, 9116, 0.5000, 0.9000, 91.1500, 90.2500, 90.2500, -716.1623, 160.1005, -715.6726, 158.4274, 1.7433, 50.9800, 51.0100
attack-rhs_9032_9071_0.5_1.2, 1, 1.123530, 32.037767, 52, 91, 9116, 0.5100, 0.9000, 91.1500, 90.2500, 90.2500, -716.1619, 160.0992, -715.6726, 158.4274, 1.7420, 51.9900, 52.0100
attack-rhs_9033_9071_0.5_1.2, 1, 1.125400, 32.052319, 53, 91, 9116, 0.5200, 0.9000, 91.1500, 90.2500, 90.2500, -716.1624, 160.1010, -715.6726, 158.4274, 1.7439, 52.9800, 53.0100
attack-rhs_9034_9071_0.5_1.2, 1, 1.124745, 32.109515, 54, 91, 9116, 0.5300, 0.9000, 91.1500, 90.2500, 90.2500, -716.1622, 160.1004, -715.6726, 158.4274, 1.7432, 53.9900, 54.0100
attack-rhs_9035_9071_0.5_1.2, 1, 1.125285, 32.101682, 55, 91, 9116, 0.5400, 0.9000, 91.1500, 90.2500, 90.2500, -716.1624, 160.1009, -715.6726, 158.4274, 1.7437, 54.9800, 55.0100
attack-rhs_9036_9071_0.5_1.2, 1, 1.125369, 32.093106, 56, 91, 9116, 0.5500, 0.9000, 91.1500, 90.2500, 90.2500, -716.1624, 160.1010, -715.6726, 158.4274, 1.7438, 55.9900, 56.0100
attack-rhs_9037_9071_0.5_1.2, 1, 1.124503, 32.004101, 57, 91, 9116, 0.5600, 0.9000, 91.1500, 90.2500, 90.2500, -716.1622, 160.1002, -715.6726, 158.4274, 1.7430, 56.9800, 57.0100
attack-rhs_9038_9071_0.5_1.2, 1, 1.124852, 32.127926, 58, 91, 9116, 0.5700, 0.9000, 91.1500, 90.2500, 90.2500, -716.1623, 160.1005, -715.6726, 158.4274, 1.7433, 57.9800, 58.0100
attack-rhs_9039_9071_0.5_1.2, 1, 1.125582, 32.075805, 59, 91, 9116, 0.5800, 0.9000, 91.1500, 90.2500, 90.2500, -716.1625, 160.1012, -715.6726, 158.4274, 1.7440, 58.9900, 59.0100
attack-rhs_9040_9071_0.5_1.2, 1, 1.125060, 32.087322, 60, 91, 9116, 0.5900, 0.9000, 91.1500, 90.2500, 90.2500, -716.1623, 160.1007, -715.6726, 158.4274, 1.7435, 59.9800, 60.0100
attack-rhs_9041_9071_0.5_1.2, 1, 1.118917, 31.847211, 61, 91, 9170, 0.6000, 0.9000, 91.6900, 90.7900, 90.7900, -716.1489, 160.1219, -715.6432, 158.3942, 1.8001, 60.9900, 61.0100
attack-rhs_9042_9071_0.5_1.2, 1, 1.124079, 31.884712, 62, 91, 9117, 0.6100, 0.9000, 91.1600, 90.2600, 90.2600, -716.1627, 160.1005, -715.6729, 158.4269, 1.7437, 61.9900, 62.0100
attack-rhs_9043_9071_0.5_1.2, 1, 1.116271, 32.107818, 63, 91, 9169, 0.6200, 0.9000, 91.6800, 90.7800, 90.7800, -716.1498, 160.1192, -715.6452, 158.3952, 1.7963, 62.9900, 63.0100
attack-rhs_9044_9071_0.5_1.2, 1, 1.123526, 32.823451, 64, 91, 9117, 0.6300, 0.9000, 91.1600, 90.2600, 90.2600, -716.1626, 160.0999, -715.6729, 158.4269, 1.7432, 63.9900, 64.0100
attack-rhs_9045_9071_0.5_1.2, 1, 1.125074, 32.107847, 65, 91, 9116, 0.6400, 0.9000, 91.1500, 90.2500, 90.2500, -716.1623, 160.1007, -715.6726, 158.4274, 1.7435, 64.9900, 65.0100
attack-rhs_9046_9071_0.5_1.2, 1, 1.124561, 32.126205, 66, 91, 9116, 0.6500, 0.9000, 91.1500, 90.2500, 90.2500, -716.1622, 160.1002, -715.6726, 158.4274, 1.7430, 65.9900, 66.0100
attack-rhs_9047_9071_0.5_1.2, 1, 1.123399, 32.085521, 67, 91, 9116, 0.6600, 0.9000, 91.1500, 90.2500, 90.2500, -716.1619, 160.0991, -715.6726, 158.4274, 1.7419, 66.9900, 67.0100
attack-rhs_9048_9071_0.5_1.2, 1, 1.123409, 32.108506, 68, 91, 9116, 0.6700, 0.9000, 91.1500, 90.2500, 90.2500, -716.1619, 160.0991, -715.6726, 158.4274, 1.7419, 67.9900, 68.0100
attack-rhs_9049_9071_0.5_1.2, 1, 1.120469, 31.976004, 69, 91, 9170, 0.6800, 0.9000, 91.6900, 90.7900, 90.7900, -716.1493, 160.1234, -715.6432, 158.3942, 1.8017, 68.9900, 69.0100
attack-rhs_9050_9071_0.5_1.2, 1, 1.125237, 32.110545, 70, 91, 9116, 0.6900, 0.9000, 91.1500, 90.2500, 90.2500, -716.1624, 160.1009, -715.6726, 158.4274, 1.7437, 69.9800, 70.0100
attack-rhs_9051_9071_0.5_1.2, 1, 1.120986, 31.987919, 71, 91, 9170, 0.7000, 0.9000, 91.6900, 90.7900, 90.7900, -716.1494, 160.1239, -715.6432, 158.3942, 1.8022, 70.9900, 71.0100
attack-rhs_9052_9071_0.5_1.2, 1, 1.119088, 31.991792, 72, 91, 9170, 0.7100, 0.9000, 91.6900, 90.7900, 90.7900, -716.1489, 160.1220, -715.6432, 158.3942, 1.8003, 71.9900, 72.0100
attack-rhs_9053_9071_0.5_1.2, 1, 1.119323, 31.971689, 73, 91, 9170, 0.7200, 0.9000, 91.6900, 90.7900, 90.7900, -716.1490, 160.1223, -715.6432, 158.3942, 1.8005, 72.9900, 73.0100
attack-rhs_9054_9071_0.5_1.2, 1, 1.120167, 31.975036, 74, 91, 9170, 0.7300, 0.9000, 91.6900, 90.7900, 90.7900, -716.1492, 160.1231, -715.6432, 158.3942, 1.8014, 73.9900, 74.0100
attack-rhs_9055_9071_0.5_1.2, 1, 1.124794, 32.107140, 75, 91, 9116, 0.7400, 0.9000, 91.1500, 90.2500, 90.2500, -716.1623, 160.1004, -715.6726, 158.4274, 1.7433, 74.9800, 75.0100
attack-rhs_9056_9071_0.5_1.2, 1, 1.118209, 31.960021, 76, 91, 9116, 0.7500, 0.9000, 91.1500, 90.2500, 90.2500, -716.1604, 160.0941, -715.6726, 158.4274, 1.7367, 75.9900, 76.0100
attack-rhs_9057_9071_0.5_1.2, 1, 1.125332, 32.507148, 77, 91, 9117, 0.7600, 0.9000, 91.1600, 90.2600, 90.2600, -716.1631, 160.1017, -715.6729, 158.4269, 1.7450, 76.9900, 77.0100
attack-rhs_9058_9071_0.5_1.2, 1, 1.123978, 32.711407, 78, 91, 9117, 0.7700, 0.9000, 91.1600, 90.2600, 90.2600, -716.1627, 160.1004, -715.6729, 158.4269, 1.7436, 77.9900, 78.0100
attack-rhs_9059_9071_0.5_1.2, 1, 1.118750, 32.110705, 79, 91, 9116, 0.7800, 0.9000, 91.1500, 90.2500, 90.2500, -716.1606, 160.0946, -715.6726, 158.4274, 1.7372, 78.9800, 79.0100
attack-rhs_9060_9071_0.5_1.2, 1, 1.115268, 31.777219, 80, 91, 9170, 0.7900, 0.9000, 91.6900, 90.7900, 90.7900, -716.1478, 160.1184, -715.6432, 158.3942, 1.7965, 79.9900, 80.0100
attack-rhs_9061_9071_0.5_1.2, 1, 1.115581, 30.915191, 81, 91, 9174, 0.8000, 0.9000, 91.7300, 90.8300, 90.8300, -716.1412, 160.1194, -715.6352, 158.3903, 1.8016, 80.9800, 81.0100
attack-rhs_9062_9071_0.5_1.2, 1, 1.116430, 28.614644, 82, 91, 9176, 0.8100, 0.9000, 91.7500, 90.8500, 90.8500, -716.1380, 160.1205, -715.6311, 158.3883, 1.8048, 81.9800, 82.0100
attack-rhs_9063_9071_0.5_1.2, 1, 1.117893, 30.894746, 83, 91, 9175, 0.8200, 0.9000, 91.7400, 90.8400, 90.8400, -716.1401, 160.1218, -715.6330, 158.3888, 1.8057, 82.9900, 83.0100
attack-rhs_9064_9071_0.5_1.2, 1, 1.124471, 34.625270, 84, 91, 9118, 0.8300, 0.9000, 91.1700, 90.2700, 90.2700, -716.1635, 160.1015, -715.6735, 158.4274, 1.7444, 83.9900, 84.0100
attack-rhs_9065_9071_0.5_1.2, 1, 1.122680, 28.421298, 85, 91, 9122, 0.8400, 0.9000, 91.2100, 90.3100, 90.3100, -716.1658, 160.1026, -715.6739, 158.4223, 1.7508, 84.9800, 85.0100
attack-rhs_9066_9071_0.5_1.2, 1, 1.119189, 27.750820, 86, 91, 9094, 0.8500, 0.9000, 90.9300, 90.0300, 90.0300, -716.1723, 160.0813, -715.6915, 158.4386, 1.7116, 85.9900, 86.0100
attack-rhs_9067_9071_0.5_1.2, 1, 1.115080, 27.696497, 87, 91, 9093, 0.8600, 0.9000, 90.9200, 90.0200, 90.0200, -716.1733, 160.0775, -715.6953, 158.4441, 1.7018, 86.9900, 87.0100
attack-rhs_9068_9071_0.5_1.2, 1, 1.115714, 28.779716, 88, 91, 9175, 0.8700, 0.9000, 91.7400, 90.8400, 90.8400, -716.1395, 160.1197, -715.6356, 158.3976, 1.7942, 87.9900, 88.0100
attack-rhs_9069_9072_0.5_1.2, 1, 1.116866, 14.121527, 89, 92, 9049, 0.8800, 0.9100, 90.4800, 89.5700, 89.5700, -716.2637, 160.0841, -715.8220, 158.5747, 1.5727, 88.9800, 89.0100
attack-rhs_9070_9073_0.5_1.2, 1, 1.120660, 25.767802, 90, 93, 9503, 0.8900, 0.9200, 95.0200, 94.1000, 94.1000, -716.4326, 160.1743, -715.8749, 158.2662, 1.9880, 89.9900, 90.0100
attack-rhs_9071_9072_0.5_1.2, 1, 1.117815, 27.013205, 91, 92, 9476, 0.9000, 0.9100, 94.7500, 93.8400, 93.8400, -716.4242, 160.1649, -715.8356, 158.1508, 2.0983, 90.9900, 91.0100
attack-rhs_9072_9073_0.5_1.2, 1, 1.120332, 24.224606, 92, 93, 9572, 0.9100, 0.9200, 95.7100, 94.7900, 94.7900, -716.4445, 160.1549, -715.8573, 158.1465, 2.0924, 91.9900, 92.0100
attack-rhs_9073_9076_0.5_1.2, 1, 1.115109, 13.455315, 93, 96, 9614, 0.9200, 0.9500, 96.1300, 95.1800, 95.1800, -716.4435, 160.1503, -715.9595, 158.4945, 1.7251, 92.9800, 93.0100
attack-rhs_9074_9077_0.5_1.2, 1, 1.145153, 6.947527, 94, 97, 10069, 0.9300, 0.9600, 100.6800, 99.7200, 99.7200, -716.3984, 160.1395, -715.7472, 157.9157, 2.3171, 93.9900, 94.0100
attack-rhs_9075_9078_0.5_1.2, 1, 1.116570, 2.349708, 95, 98, 10075, 0.9400, 0.9700, 100.7400, 99.7700, 99.7700, -716.3907, 160.1110, -715.8005, 158.0953, 2.1003, 94.9900, 95.0100
attack-rhs_9076_9079_0.5_1.2, 1, 1.117835, 1.727630, 96, 99, 10100, 0.9500, 0.9800, 100.9900, 100.0100, 100.0100, -716.3888, 160.1088, -715.8322, 158.2078, 1.9808, 95.9900, 96.0100
attack-rhs_9077_9079_0.5_1.2, 1, 1.120795, 1.645170, 97, 99, 10101, 0.9600, 0.9800, 101.0000, 100.0200, 100.0200, -716.3821, 160.1137, -715.8242, 158.2083, 1.9854, 96.9900, 97.0100
attack-rhs_9078_9080_0.5_1.2, 1, 1.115673, 1.455973, 98, 100, 10197, 0.9700, 0.9900, 101.9600, 100.9700, 100.9700, -716.3740, 160.1058, -715.8200, 158.2135, 1.9718, 97.9900, 98.0100
attack-rhs_9079_9081_0.5_1.2, 1, 1.116109, 1.442690, 99, 101, 10206, 0.9800, 1.0000, 102.0500, 101.0500, 101.0500, -716.3662, 160.1103, -715.8493, 158.3444, 1.8400, 98.9800, 99.0100
attack-rhs_9080_9082_0.5_1.2, 0, 1.116109, 0.977355, 100, 102, 1, 0.9900, 1.0100, 0.0000, 339.9800, 0.0000, 0.0000, 0.0000, 0.0000, 0.0000, 0.0000, 340.9700, 339.8900
attack-rhs_9081_9083_0.5_1.2, 1, 1.121966, 1.374428, 101, 103, 10732, 1.0000, 1.0200, 107.3100, 106.2900, 106.2900, -716.3752, 160.1198, -715.6902, 157.7780, 2.4400, 100.9900, 101.0100
attack-rhs_9082_9084_0.5_1.2, 0, 1.121966, 0.940113, 102, 104, 1, 1.0100, 1.0300, 0.0000, 339.9600, 0.0000, 0.0000, 0.0000, 0.0000, 0.0000, 0.0000, 340.9700, 339.8900
attack-rhs_9083_9086_0.5_1.2, 1, 1.116662, 8.084843, 103, 106, 10787, 1.0200, 1.0500, 107.8600, 106.8100, 106.8100, -716.3713, 160.1090, -715.8213, 158.2278, 1.9600, 102.9900, 103.0100
attack-rhs_9084_9088_0.5_1.2, 1, 1.119305, 5.576090, 104, 108, 11338, 1.0300, 1.0700, 113.3700, 112.3000, 112.3000, -724.8535, 160.7979, -724.2061, 158.1605, 2.7157, 103.9800, 104.0100
attack-rhs_9085_9088_0.5_1.2, 1, 1.116040, 4.985092, 105, 108, 10939, 1.0400, 1.0700, 109.3800, 108.3100, 108.3100, -716.3840, 160.1182, -715.8523, 158.3018, 1.8927, 104.9900, 105.0100
attack-rhs_9086_9089_0.5_1.2, 1, 1.115498, 3.938140, 106, 109, 11361, 1.0500, 1.0800, 113.6000, 112.5200, 112.5200, -725.7006, 160.8584, -725.1150, 158.4260, 2.5019, 105.9900, 106.0100
attack-rhs_9087_9089_0.5_1.2, 1, 1.116399, 3.847804, 107, 109, 11352, 1.0600, 1.0800, 113.5100, 112.4300, 112.4300, -725.3735, 160.8310, -724.7872, 158.4161, 2.4851, 106.9900, 107.0100
attack-rhs_9088_9090_0.5_1.2, 1, 1.116289, 3.274497, 108, 110, 11394, 1.0700, 1.0900, 113.9300, 112.8400, 112.8400, -726.9210, 160.9629, -726.3897, 158.6800, 2.3439, 107.9900, 108.0100
attack-rhs_9089_9163_0.5_1.2, 1, 1.116995, 377.328076, 109, 183, 18466, 1.0800, 1.8200, 184.6500, 182.8300, 182.8300, -623.6559, 593.3040, -622.5768, 591.7112, 1.9240, 108.9900, 109.0100
attack-rhs_9090_9163_0.5_1.2, 1, 1.115907, 376.368432, 110, 183, 18465, 1.0900, 1.8200, 184.6400, 182.8200, 182.8200, -623.5274, 593.3251, -622.4469, 591.7363, 1.9214, 109.9800, 110.0100
attack-rhs_9091_9163_0.5_1.2, 1, 1.117020, 376.842154, 111, 183, 18466, 1.1000, 1.8200, 184.6500, 182.8300, 182.8300, -623.6559, 593.3041, -622.5768, 591.7112, 1.9240, 110.9900, 111.0100
attack-rhs_9092_9163_0.5_1.2, 1, 1.116976, 376.527946, 112, 183, 18466, 1.1100, 1.8200, 184.6500, 182.8300, 182.8300, -623.6559, 593.3040, -622.5768, 591.7112, 1.9240, 111.9900, 112.0100
attack-rhs_9093_9163_0.5_1.2, 1, 1.117073, 376.604369, 113, 183, 18466, 1.1200, 1.8200, 184.6500, 182.8300, 182.8300, -623.6559, 593.3041, -622.5768, 591.7112, 1.9241, 112.9900, 113.0100
attack-rhs_9094_9163_0.5_1.2, 1, 1.117030, 376.748709, 114, 183, 18466, 1.1300, 1.8200, 184.6500, 182.8300, 182.8300, -623.6559, 593.3041, -622.5768, 591.7112, 1.9240, 113.9800, 114.0100
attack-rhs_9095_9163_0.5_1.2, 1, 1.117260, 376.854773, 115, 183, 18466, 1.1400, 1.8200, 184.6500, 182.8300, 182.8300, -623.6560, 593.3043, -622.5768, 591.7112, 1.9242, 114.9800, 115.0100
attack-rhs_9096_9163_0.5_1.2, 1, 1.117265, 376.834430, 116, 183, 18466, 1.1500, 1.8200, 184.6500, 182.8300, 182.8300, -623.6560, 593.3043, -622.5768, 591.7112, 1.9242, 115.9900, 116.0100
attack-rhs_9097_9163_0.5_1.2, 1, 1.115256, 376.861040, 117, 183, 18465, 1.1600, 1.8200, 184.6400, 182.8200, 182.8200, -623.5271, 593.3245, -622.4469, 591.7363, 1.9207, 116.9900, 117.0100
attack-rhs_9098_9163_0.5_1.2, 1, 1.116784, 376.745861, 118, 183, 18466, 1.1700, 1.8200, 184.6500, 182.8300, 182.8300, -623.6558, 593.3039, -622.5768, 591.7112, 1.9238, 117.9800, 118.0100
attack-rhs_9099_9163_0.5_1.2, 1, 1.116121, 376.775875, 119, 183, 18466, 1.1800, 1.8200, 184.6500, 182.8300, 182.8300, -623.6554, 593.3033, -622.5768, 591.7112, 1.9231, 119.0000, 119.0100
attack-rhs_9100_9163_0.5_1.2, 1, 1.116422, 376.635715, 120, 183, 18466, 1.1900, 1.8200, 184.6500, 182.8300, 182.8300, -623.6556, 593.3036, -622.5768, 591.7112, 1.9234, 120.0100, 120.0100
attack-rhs_9101_9163_0.5_1.2, 1, 1.116292, 376.695202, 121, 183, 18466, 1.2000, 1.8200, 184.6500, 182.8300, 182.8300, -623.6555, 593.3035, -622.5768, 591.7112, 1.9233, 121.0000, 121.0100
attack-rhs_9102_9163_0.5_1.2, 1, 1.116280, 376.730942, 122, 183, 18466, 1.2100, 1.8200, 184.6500, 182.8300, 182.8300, -623.6555, 593.3035, -622.5768, 591.7112, 1.9233, 122.0100, 122.0100
attack-rhs_9103_9163_0.5_1.2, 1, 1.116512, 376.471144, 123, 183, 18466, 1.2200, 1.8200, 184.6500, 182.8300, 182.8300, -623.6556, 593.3036, -622.5768, 591.7112, 1.9235, 123.0100, 123.0000
attack-rhs_9104_9163_0.5_1.2, 1, 1.116466, 375.225576, 124, 183, 18466, 1.2300, 1.8200, 184.6500, 182.8300, 182.8300, -623.6556, 593.3036, -622.5768, 591.7112, 1.9234, 124.0100, 124.0100
attack-rhs_9105_9163_0.5_1.2, 1, 1.116159, 376.705696, 125, 183, 18466, 1.2400, 1.8200, 184.6500, 182.8300, 182.8300, -623.6554, 593.3034, -622.5768, 591.7112, 1.9231, 125.0100, 125.0100
attack-rhs_9106_9163_0.5_1.2, 1, 1.117093, 376.734095, 126, 183, 18466, 1.2500, 1.8200, 184.6500, 182.8300, 182.8300, -623.6559, 593.3041, -622.5768, 591.7112, 1.9241, 126.0100, 126.0100
attack-rhs_9107_9163_0.5_1.2, 1, 1.116986, 376.743382, 127, 183, 18466, 1.2600, 1.8200, 184.6500, 182.8300, 182.8300, -623.6559, 593.3040, -622.5768, 591.7112, 1.9240, 127.0100, 127.0000
attack-rhs_9108_9163_0.5_1.2, 1, 1.117133, 376.737844, 128, 183, 18466, 1.2700, 1.8200, 184.6500, 182.8300, 182.8300, -623.6560, 593.3042, -622.5768, 591.7112, 1.9241, 128.0100, 128.0100
attack-rhs_9109_9163_0.5_1.2, 1, 1.117087, 376.734389, 129, 183, 18466, 1.2800, 1.8200, 184.6500, 182.8300, 182.8300, -623.6559, 593.3041, -622.5768, 591.7112, 1.9241, 129.0100, 129.0100
attack-rhs_9110_9163_0.5_1.2, 1, 1.117123, 376.680201, 130, 183, 18466, 1.2900, 1.8200, 184.6500, 182.8300, 182.8300, -623.6560, 593.3042, -622.5768, 591.7112, 1.9241, 130.0100, 130.0100
attack-rhs_9111_9163_0.5_1.2, 1, 1.117090, 376.735287, 131, 183, 18466, 1.3000, 1.8200, 184.6500, 182.8300, 182.8300, -623.6559, 593.3041, -622.5768, 591.7112, 1.9241, 131.0100, 131.0100
attack-rhs_9112_9163_0.5_1.2, 1, 1.117251, 376.828874, 132, 183, 18466, 1.3100, 1.8200, 184.6500, 182.8300, 182.8300, -623.6560, 593.3043, -622.5768, 591.7112, 1.9242, 132.0100, 132.0100
attack-rhs_9113_9163_0.5_1.2, 1, 1.117037, 376.697916, 133, 183, 18466, 1.3200, 1.8200, 184.6500, 182.8300, 182.8300, -623.6559, 593.3041, -622.5768, 591.7112, 1.9240, 133.0100, 133.0100
attack-rhs_9114_9163_0.5_1.2, 1, 1.116834, 376.702562, 134, 183, 18466, 1.3300, 1.8200, 184.6500, 182.8300, 182.8300, -623.6558, 593.3039, -622.5768, 591.7112, 1.9238, 134.0100, 134.0100
attack-rhs_9115_9163_0.5_1.2, 1, 1.116994, 375.226974, 135, 183, 18466, 1.3400, 1.8200, 184.6500, 182.8300, 182.8300, -623.6559, 593.3040, -622.5768, 591.7112, 1.9240, 135.0100, 135.0100
attack-rhs_9116_9163_0.5_1.2, 1, 1.116849, 376.725549, 136, 183, 18466, 1.3500, 1.8200, 184.6500, 182.8300, 182.8300, -623.6558, 593.3039, -622.5768, 591.7112, 1.9238, 136.0100, 136.0100
attack-rhs_9117_9163_0.5_1.2, 1, 1.115060, 376.701173, 137, 183, 18465, 1.3600, 1.8200, 184.6400, 182.8200, 182.8200, -623.5270, 593.3244, -622.4469, 591.7363, 1.9205, 137.0100, 137.0100
attack-rhs_9118_9163_0.5_1.2, 1, 1.117198, 376.801894, 138, 183, 18466, 1.3700, 1.8200, 184.6500, 182.8300, 182.8300, -623.6560, 593.3042, -622.5768, 591.7112, 1.9242, 138.0100, 138.0000
attack-rhs_9119_9163_0.5_1.2, 1, 1.117019, 376.703803, 139, 183, 18466, 1.3800, 1.8200, 184.6500, 182.8300, 182.8300, -623.6559, 593.3041, -622.5768, 591.7112, 1.9240, 139.0100, 139.0100
attack-rhs_9120_9163_0.5_1.2, 1, 1.115059, 377.229785, 140, 183, 18465, 1.3900, 1.8200, 184.6400, 182.8200, 182.8200, -623.5270, 593.3244, -622.4469, 591.7363, 1.9205, 140.0100, 140.0100
attack-rhs_9121_9163_0.5_1.2, 1, 1.115344, 376.586173, 141, 183, 18467, 1.4000, 1.8200, 184.6600, 182.8400, 182.8400, -623.7831, 593.2809, -622.7067, 591.6863, 1.9238, 141.0100, 141.0100
attack-rhs_9122_9163_0.5_1.2, 1, 1.116278, 376.768813, 142, 183, 18466, 1.4100, 1.8200, 184.6500, 182.8300, 182.8300, -623.6555, 593.3035, -622.5768, 591.7112, 1.9233, 142.0100, 142.0100
attack-rhs_9123_9163_0.5_1.2, 1, 1.117508, 376.617033, 143, 183, 18469, 1.4200, 1.8200, 184.6800, 182.8600, 182.8600, -624.0399, 593.2383, -622.9661, 591.6357, 1.9291, 143.0100, 143.0100
attack-rhs_9124_9163_0.5_1.2, 1, 1.115123, 376.698509, 144, 183, 18465, 1.4300, 1.8200, 184.6400, 182.8200, 182.8200, -623.5270, 593.3244, -622.4469, 591.7363, 1.9206, 144.0100, 144.0100
attack-rhs_9125_9163_0.5_1.2, 1, 1.117040, 376.657415, 145, 183, 18466, 1.4400, 1.8200, 184.6500, 182.8300, 182.8300, -623.6559, 593.3041, -622.5768, 591.7112, 1.9240, 145.0100, 145.0100
attack-rhs_9126_9163_0.5_1.2, 1, 1.116888, 376.712622, 146, 183, 18466, 1.4500, 1.8200, 184.6500, 182.8300, 182.8300, -623.6558, 593.3040, -622.5768, 591.7112, 1.9239, 146.0100, 146.0100
attack-rhs_9127_9163_0.5_1.2, 1, 1.117051, 376.733877, 147, 183, 18466, 1.4600, 1.8200, 184.6500, 182.8300, 182.8300, -623.6559, 593.3041, -622.5768, 591.7112, 1.9240, 147.0100, 147.0100
attack-rhs_9128_9163_0.5_1.2, 1, 1.117159, 376.678685, 148, 183, 18466, 1.4700, 1.8200, 184.6500, 182.8300, 182.8300, -623.6560, 593.3042, -622.5768, 591.7112, 1.9241, 148.0100, 148.0100
attack-rhs_9129_9163_0.5_1.2, 1, 1.117204, 376.673208, 149, 183, 18466, 1.4800, 1.8200, 184.6500, 182.8300, 182.8300, -623.6560, 593.3042, -622.5768, 591.7112, 1.9242, 149.0100, 149.0100
attack-rhs_9130_9163_0.5_1.2, 1, 1.117034, 376.669759, 150, 183, 18466, 1.4900, 1.8200, 184.6500, 182.8300, 182.8300, -623.6559, 593.3041, -622.5768, 591.7112, 1.9240, 150.0100, 150.0100
attack-rhs_9131_9163_0.5_1.2, 1, 1.115168, 376.731331, 151, 183, 18465, 1.5000, 1.8200, 184.6400, 182.8200, 182.8200, -623.5270, 593.3245, -622.4469, 591.7363, 1.9206, 151.0100, 151.0100
attack-rhs_9132_9163_0.5_1.2, 1, 1.117002, 376.708319, 152, 183, 18466, 1.5100, 1.8200, 184.6500, 182.8300, 182.8300, -623.6559, 593.3041, -622.5768, 591.7112, 1.9240, 152.0100, 152.0100
attack-rhs_9133_9163_0.5_1.2, 1, 1.117074, 376.740971, 153, 183, 18466, 1.5200, 1.8200, 184.6500, 182.8300, 182.8300, -623.6559, 593.3041, -622.5768, 591.7112, 1.9241, 153.0100, 153.0100
attack-rhs_9134_9163_0.5_1.2, 1, 1.116166, 376.682815, 154, 183, 18466, 1.5300, 1.8200, 184.6500, 182.8300, 182.8300, -623.6554, 593.3034, -622.5768, 591.7112, 1.9231, 154.0100, 154.0100
attack-rhs_9135_9163_0.5_1.2, 1, 1.117227, 376.704535, 155, 183, 18466, 1.5400, 1.8200, 184.6500, 182.8300, 182.8300, -623.6560, 593.3042, -622.5768, 591.7112, 1.9242, 155.0100, 155.0000
attack-rhs_9136_9163_0.5_1.2, 1, 1.116637, 376.664550, 156, 183, 18464, 1.5500, 1.8200, 184.6300, 182.8100, 182.8100, -623.4002, 593.3479, -622.3171, 591.7618, 1.9206, 156.0100, 156.0100
attack-rhs_9137_9163_0.5_1.2, 1, 1.116978, 376.702991, 157, 183, 18466, 1.5600, 1.8200, 184.6500, 182.8300, 182.8300, -623.6559, 593.3040, -622.5768, 591.7112, 1.9240, 157.0100, 157.0100
attack-rhs_9138_9163_0.5_1.2, 1, 1.116700, 378.360501, 158, 183, 18465, 1.5700, 1.8200, 184.6400, 182.8200, 182.8200, -623.5279, 593.3257, -622.4469, 591.7363, 1.9222, 158.0100, 158.0000
attack-rhs_9139_9163_0.5_1.2, 1, 1.116969, 376.705235, 159, 183, 18466, 1.5800, 1.8200, 184.6500, 182.8300, 182.8300, -623.6559, 593.3040, -622.5768, 591.7112, 1.9240, 159.0100, 159.0100
attack-rhs_9140_9163_0.5_1.2, 1, 1.117036, 376.712056, 160, 183, 18466, 1.5900, 1.8200, 184.6500, 182.8300, 182.8300, -623.6559, 593.3041, -622.5768, 591.7112, 1.9240, 160.0100, 160.0100
attack-rhs_9141_9163_0.5_1.2, 1, 1.115265, 376.633792, 161, 183, 18465, 1.6000, 1.8200, 184.6400, 182.8200, 182.8200, -623.5271, 593.3245, -622.4469, 591.7363, 1.9207, 161.0100, 161.0100
attack-rhs_9142_9163_0.5_1.2, 1, 1.117027, 376.742562, 162, 183, 18466, 1.6100, 1.8200, 184.6500, 182.8300, 182.8300, -623.6559, 593.3041, -622.5768, 591.7112, 1.9240, 162.0100, 162.0000
attack-rhs_9143_9163_0.5_1.2, 1, 1.117010, 376.745382, 163, 183, 18466, 1.6200, 1.8200, 184.6500, 182.8300, 182.8300, -623.6559, 593.3041, -622.5768, 591.7112, 1.9240, 163.0100, 163.0100
attack-rhs_9144_9163_0.5_1.2, 1, 1.116963, 376.749773, 164, 183, 18466, 1.6300, 1.8200, 184.6500, 182.8300, 182.8300, -623.6559, 593.3040, -622.5768, 591.7112, 1.9239, 164.0100, 164.0100
attack-rhs_9145_9163_0.5_1.2, 1, 1.117067, 376.747981, 165, 183, 18466, 1.6400, 1.8200, 184.6500, 182.8300, 182.8300, -623.6559, 593.3041, -622.5768, 591.7112, 1.9240, 165.0100, 165.0100
attack-rhs_9146_9163_0.5_1.2, 1, 1.117010, 376.767696, 166, 183, 18466, 1.6500, 1.8200, 184.6500, 182.8300, 182.8300, -623.6559, 593.3041, -622.5768, 591.7112, 1.9240, 166.0100, 166.0100
attack-rhs_9147_9163_0.5_1.2, 1, 1.117039, 376.711656, 167, 183, 18466, 1.6600, 1.8200, 184.6500, 182.8300, 182.8300, -623.6559, 593.3041, -622.5768, 591.7112, 1.9240, 167.0100, 166.9800
attack-rhs_9148_9163_0.5_1.2, 1, 1.115632, 376.649652, 168, 183, 18465, 1.6700, 1.8200, 184.6400, 182.8200, 182.8200, -623.5273, 593.3249, -622.4469, 591.7363, 1.9211, 168.0100, 167.9900
attack-rhs_9149_9163_0.5_1.2, 1, 1.116860, 376.735664, 169, 183, 18466, 1.6800, 1.8200, 184.6500, 182.8300, 182.8300, -623.6558, 593.3039, -622.5768, 591.7112, 1.9238, 169.0100, 168.9800
attack-rhs_9150_9163_0.5_1.2, 1, 1.116714, 376.707004, 170, 183, 18468, 1.6900, 1.8200, 184.6700, 182.8500, 182.8500, -623.9121, 593.2607, -622.8368, 591.6619, 1.9267, 170.0100, 169.9900
attack-rhs_9151_9163_0.5_1.2, 1, 1.117048, 377.130637, 171, 183, 18466, 1.7000, 1.8200, 184.6500, 182.8300, 182.8300, -623.6559, 593.3041, -622.5768, 591.7112, 1.9240, 171.0100, 170.9900
attack-rhs_9152_9163_0.5_1.2, 1, 1.116945, 376.678503, 172, 183, 18466, 1.7100, 1.8200, 184.6500, 182.8300, 182.8300, -623.6559, 593.3040, -622.5768, 591.7112, 1.9239, 172.0100, 171.9900
attack-rhs_9153_9163_0.5_1.2, 1, 1.116633, 376.608682, 173, 183, 18466, 1.7200, 1.8200, 184.6500, 182.8300, 182.8300, -623.6557, 593.3037, -622.5768, 591.7112, 1.9236, 173.0100, 172.9900
attack-rhs_9154_9163_0.5_1.2, 1, 1.116147, 374.712241, 174, 183, 18466, 1.7300, 1.8200, 184.6500, 182.8300, 182.8300, -623.6554, 593.3033, -622.5768, 591.7112, 1.9231, 173.9900, 173.9900
attack-rhs_9155_9163_0.5_1.2, 1, 1.116068, 376.992728, 175, 183, 18467, 1.7400, 1.8200, 184.6600, 182.8400, 182.8400, -623.7835, 593.2815, -622.7067, 591.6863, 1.9246, 174.9900, 174.9900
attack-rhs_9156_9163_0.5_1.2, 1, 1.116655, 376.711511, 176, 183, 18466, 1.7500, 1.8200, 184.6500, 182.8300, 182.8300, -623.6557, 593.3038, -622.5765, 591.7119, 1.9232, 175.9900, 175.9900
attack-rhs_9157_9163_0.5_1.2, 1, 1.116242, 376.392815, 177, 183, 18464, 1.7600, 1.8200, 184.6300, 182.8100, 182.8100, -623.4000, 593.3476, -622.3180, 591.7608, 1.9205, 176.9900, 176.9900
attack-rhs_9158_9163_0.5_1.2, 1, 1.115469, 376.705251, 178, 183, 18464, 1.7700, 1.8200, 184.6300, 182.8100, 182.8100, -623.3995, 593.3469, -622.3150, 591.7637, 1.9191, 177.9900, 177.9900
attack-rhs_9159_9163_0.5_1.2, 1, 1.116997, 375.820379, 179, 183, 18466, 1.7800, 1.8200, 184.6500, 182.8300, 182.8300, -623.6559, 593.3041, -622.5809, 591.7095, 1.9231, 178.9900, 178.9800
attack-rhs_9160_9163_0.5_1.2, 1, 1.116403, 376.834907, 180, 183, 18463, 1.7900, 1.8200, 184.6200, 182.8000, 182.8000, -623.2722, 593.3702, -622.1799, 591.7891, 1.9217, 179.9900, 179.9900
attack-rhs_9161_9269_0.5_1.2, 1, 1.115380, 239.691297, 181, 289, 29294, 1.8000, 2.8800, 292.9300, 290.0500, 290.0500, -1874.9597, 416.7830, -1872.6741, 416.2680, 2.3430, 180.9900, 181.0100
attack-rhs_9162_9269_0.5_1.2, 1, 1.115473, 239.853481, 182, 289, 29294, 1.8100, 2.8800, 292.9300, 290.0500, 290.0500, -1874.9598, 416.7831, -1872.6741, 416.2680, 2.3431, 181.9900, 182.0100
attack-rhs_9163_9269_0.5_1.2, 1, 1.115501, 239.917193, 183, 289, 29310, 1.8200, 2.8800, 293.0900, 290.2100, 290.2100, -1876.4627, 415.0117, -1874.1400, 414.4900, 2.3805, 182.9900, 183.0100
attack-rhs_9164_9269_0.5_1.2, 1, 1.115712, 240.365536, 184, 289, 29294, 1.8300, 2.8800, 292.9300, 290.0500, 290.0500, -1874.9600, 416.7831, -1872.6741, 416.2680, 2.3433, 183.9900, 184.0100
attack-rhs_9165_9269_0.5_1.2, 1, 1.115504, 239.869919, 185, 289, 29294, 1.8400, 2.8800, 292.9300, 290.0500, 290.0500, -1874.9598, 416.7831, -1872.6741, 416.2680, 2.3431, 184.9800, 185.0100
attack-rhs_9166_9269_0.5_1.2, 1, 1.115532, 240.160932, 186, 289, 29294, 1.8500, 2.8800, 292.9300, 290.0500, 290.0500, -1874.9599, 416.7831, -1872.6741, 416.2680, 2.3431, 185.9900, 186.0100
attack-rhs_9167_9269_0.5_1.2, 1, 1.115455, 239.868111, 187, 289, 29294, 1.8600, 2.8800, 292.9300, 290.0500, 290.0500, -1874.9598, 416.7830, -1872.6741, 416.2680, 2.3430, 186.9900, 187.0100
attack-rhs_9168_9269_0.5_1.2, 1, 1.115561, 239.883935, 188, 289, 29294, 1.8700, 2.8800, 292.9300, 290.0500, 290.0500, -1874.9599, 416.7831, -1872.6741, 416.2680, 2.3431, 187.9900, 188.0100
attack-rhs_9169_9269_0.5_1.2, 1, 1.115670, 239.915916, 189, 289, 29294, 1.8800, 2.8800, 292.9300, 290.0500, 290.0500, -1874.9600, 416.7831, -1872.6741, 416.2680, 2.3432, 188.9900, 189.0100
attack-rhs_9170_9269_0.5_1.2, 1, 1.115409, 239.849066, 190, 289, 29294, 1.8900, 2.8800, 292.9300, 290.0500, 290.0500, -1874.9598, 416.7830, -1872.6741, 416.2680, 2.3430, 189.9900, 190.0100
attack-rhs_9171_9269_0.5_1.2, 1, 1.115360, 240.178894, 191, 289, 29294, 1.9000, 2.8800, 292.9300, 290.0500, 290.0500, -1874.9597, 416.7830, -1872.6741, 416.2680, 2.3429, 190.9900, 191.0100
attack-rhs_9172_9269_0.5_1.2, 1, 1.115559, 239.858190, 192, 289, 29294, 1.9100, 2.8800, 292.9300, 290.0500, 290.0500, -1874.9599, 416.7831, -1872.6741, 416.2680, 2.3431, 191.9900, 192.0100
attack-rhs_9173_9269_0.5_1.2, 1, 1.115512, 239.884085, 193, 289, 29294, 1.9200, 2.8800, 292.9300, 290.0500, 290.0500, -1874.9599, 416.7831, -1872.6741, 416.2680, 2.3431, 192.9900, 193.0100
attack-rhs_9174_9269_0.5_1.2, 1, 1.115532, 239.865530, 194, 289, 29294, 1.9300, 2.8800, 292.9300, 290.0500, 290.0500, -1874.9599, 416.7831, -1872.6741, 416.2680, 2.3431, 193.9900, 194.0100
attack-rhs_9175_9269_0.5_1.2, 1, 1.115545, 239.863612, 195, 289, 29294, 1.9400, 2.8800, 292.9300, 290.0500, 290.0500, -1874.9599, 416.7831, -1872.6741, 416.2680, 2.3431, 194.9900, 195.0100
attack-rhs_9176_9269_0.5_1.2, 1, 1.115528, 239.853107, 196, 289, 29294, 1.9500, 2.8800, 292.9300, 290.0500, 290.0500, -1874.9599, 416.7831, -1872.6741, 416.2680, 2.3431, 195.9900, 196.0100
attack-rhs_9177_9269_0.5_1.2, 1, 1.115536, 239.944222, 197, 289, 29294, 1.9600, 2.8800, 292.9300, 290.0500, 290.0500, -1874.9599, 416.7831, -1872.6741, 416.2680, 2.3431, 196.9900, 197.0100
attack-rhs_9178_9269_0.5_1.2, 1, 1.115435, 239.852091, 198, 289, 29294, 1.9700, 2.8800, 292.9300, 290.0500, 290.0500, -1874.9598, 416.7830, -1872.6741, 416.2680, 2.3430, 197.9800, 198.0100
attack-rhs_9179_9269_0.5_1.2, 1, 1.115500, 239.858267, 199, 289, 29294, 1.9800, 2.8800, 292.9300, 290.0500, 290.0500, -1874.9598, 416.7831, -1872.6741, 416.2680, 2.3431, 198.9900, 199.0100
attack-rhs_9180_9269_0.5_1.2, 1, 1.115450, 239.852307, 200, 289, 29294, 1.9900, 2.8800, 292.9300, 290.0500, 290.0500, -1874.9598, 416.7830, -1872.6741, 416.2680, 2.3430, 199.9900, 200.0100
attack-rhs_9181_9269_0.5_1.2, 1, 1.115348, 239.822139, 201, 289, 29294, 2.0000, 2.8800, 292.9300, 290.0500, 290.0500, -1874.9597, 416.7830, -1872.6741, 416.2680, 2.3429, 200.9900, 201.0100
attack-rhs_9182_9269_0.5_1.2, 1, 1.115568, 239.881577, 202, 289, 29294, 2.0100, 2.8800, 292.9300, 290.0500, 290.0500, -1874.9599, 416.7831, -1872.6741, 416.2680, 2.3431, 201.9800, 202.0100
attack-rhs_9183_9269_0.5_1.2, 1, 1.115614, 239.883545, 203, 289, 29294, 2.0200, 2.8800, 292.9300, 290.0500, 290.0500, -1874.9600, 416.7831, -1872.6741, 416.2680, 2.3432, 202.9800, 203.0100
attack-rhs_9184_9269_0.5_1.2, 1, 1.115487, 240.266953, 204, 289, 29294, 2.0300, 2.8800, 292.9300, 290.0500, 290.0500, -1874.9598, 416.7831, -1872.6741, 416.2680, 2.3431, 203.9800, 204.0100
attack-rhs_9185_9269_0.5_1.2, 1, 1.115751, 239.997445, 205, 289, 29294, 2.0400, 2.8800, 292.9300, 290.0500, 290.0500, -1874.9601, 416.7831, -1872.6741, 416.2680, 2.3433, 204.9800, 205.0100
attack-rhs_9186_9269_0.5_1.2, 1, 1.115629, 239.780527, 206, 289, 29294, 2.0500, 2.8800, 292.9300, 290.0500, 290.0500, -1874.9600, 416.7831, -1872.6741, 416.2680, 2.3432, 205.9800, 206.0100
attack-rhs_9187_9264_0.5_1.2, 1, 1.115279, 255.618834, 207, 284, 28787, 2.0600, 2.8300, 287.8600, 285.0300, 285.0300, -1827.7724, 471.4777, -1825.5095, 470.9400, 2.3259, 206.9900, 207.0100
attack-rhs_9188_9269_0.5_1.2, 1, 1.115491, 239.848123, 208, 289, 29294, 2.0700, 2.8800, 292.9300, 290.0500, 290.0500, -1874.9598, 416.7831, -1872.6741, 416.2680, 2.3431, 207.9900, 208.0100
attack-rhs_9189_9269_0.5_1.2, 1, 1.115628, 239.866558, 209, 289, 29294, 2.0800, 2.8800, 292.9300, 290.0500, 290.0500, -1874.9600, 416.7831, -1872.6741, 416.2680, 2.3432, 208.9900, 209.0100
attack-rhs_9190_9269_0.5_1.2, 1, 1.115568, 239.850437, 210, 289, 29294, 2.0900, 2.8800, 292.9300, 290.0500, 290.0500, -1874.9599, 416.7831, -1872.6741, 416.2680, 2.3431, 209.9900, 210.0100
attack-rhs_9191_9269_0.5_1.2, 1, 1.115566, 239.847551, 211, 289, 29294, 2.1000, 2.8800, 292.9300, 290.0500, 290.0500, -1874.9599, 416.7831, -1872.6741, 416.2680, 2.3431, 210.9900, 211.0100
attack-rhs_9192_9269_0.5_1.2, 1, 1.115497, 239.851203, 212, 289, 29294, 2.1100, 2.8800, 292.9300, 290.0500, 290.0500, -1874.9598, 416.7831, -1872.6741, 416.2680, 2.3431, 211.9800, 212.0100
attack-rhs_9193_9269_0.5_1.2, 1, 1.116184, 239.761079, 213, 289, 29292, 2.1200, 2.8800, 292.9100, 290.0300, 290.0300, -1874.7711, 417.0049, -1872.4894, 416.4908, 2.3389, 212.9900, 213.0100
attack-rhs_9194_9269_0.5_1.2, 1, 1.115486, 239.856708, 214, 289, 29294, 2.1300, 2.8800, 292.9300, 290.0500, 290.0500, -1874.9598, 416.7831, -1872.6741, 416.2680, 2.3431, 213.9800, 214.0100
attack-rhs_9195_9269_0.5_1.2, 1, 1.115538, 239.790365, 215, 289, 29294, 2.1400, 2.8800, 292.9300, 290.0500, 290.0500, -1874.9599, 416.7831, -1872.6741, 416.2680, 2.3431, 214.9900, 215.0100
attack-rhs_9196_9269_0.5_1.2, 1, 1.115448, 239.910351, 216, 289, 29294, 2.1500, 2.8800, 292.9300, 290.0500, 290.0500, -1874.9598, 416.7830, -1872.6741, 416.2680, 2.3430, 215.9900, 216.0100
attack-rhs_9197_9269_0.5_1.2, 1, 1.115473, 239.864593, 217, 289, 29294, 2.1600, 2.8800, 292.9300, 290.0500, 290.0500, -1874.9598, 416.7831, -1872.6741, 416.2680, 2.3431, 216.9800, 217.0100
attack-rhs_9198_9269_0.5_1.2, 1, 1.115927, 240.001819, 218, 289, 29292, 2.1700, 2.8800, 292.9100, 290.0300, 290.0300, -1874.7708, 417.0048, -1872.4894, 416.4908, 2.3386, 217.9800, 218.0100
attack-rhs_9199_9269_0.5_1.2, 1, 1.115354, 239.791882, 219, 289, 29294, 2.1800, 2.8800, 292.9300, 290.0500, 290.0500, -1874.9597, 416.7830, -1872.6741, 416.2680, 2.3429, 218.9800, 219.0100
attack-rhs_9200_9269_0.5_1.2, 1, 1.116009, 239.941699, 220, 289, 29294, 2.1900, 2.8800, 292.9300, 290.0500, 290.0500, -1874.9603, 416.7832, -1872.6741, 416.2680, 2.3436, 219.9800, 220.0100
attack-rhs_9201_9269_0.5_1.2, 1, 1.115484, 239.855770, 221, 289, 29294, 2.2000, 2.8800, 292.9300, 290.0500, 290.0500, -1874.9598, 416.7831, -1872.6741, 416.2680, 2.3431, 220.9800, 221.0100
attack-rhs_9202_9269_0.5_1.2, 1, 1.115533, 239.745174, 222, 289, 29294, 2.2100, 2.8800, 292.9300, 290.0500, 290.0500, -1874.9599, 416.7831, -1872.6741, 416.2680, 2.3431, 221.9900, 222.0100
attack-rhs_9203_9269_0.5_1.2, 1, 1.115780, 239.827019, 223, 289, 29294, 2.2200, 2.8800, 292.9300, 290.0500, 290.0500, -1874.9601, 416.7831, -1872.6741, 416.2680, 2.3434, 222.9900, 223.0100
attack-rhs_9204_9269_0.5_1.2, 1, 1.116803, 239.729504, 224, 289, 29290, 2.2300, 2.8800, 292.8900, 290.0100, 290.0100, -1874.5820, 417.2273, -1872.3046, 416.7137, 2.3346, 223.9900, 224.0100
attack-rhs_9205_9269_0.5_1.2, 1, 1.115518, 239.713403, 225, 289, 29294, 2.2400, 2.8800, 292.9300, 290.0500, 290.0500, -1874.9599, 416.7831, -1872.6741, 416.2680, 2.3431, 224.9900, 225.0100
attack-rhs_9206_9269_0.5_1.2, 1, 1.115272, 239.266855, 226, 289, 29294, 2.2500, 2.8800, 292.9300, 290.0500, 290.0500, -1874.9596, 416.7830, -1872.6741, 416.2680, 2.3429, 225.9800, 226.0100
attack-rhs_9207_9269_0.5_1.2, 1, 1.115490, 239.853499, 227, 289, 29294, 2.2600, 2.8800, 292.9300, 290.0500, 290.0500, -1874.9598, 416.7831, -1872.6741, 416.2680, 2.3431, 226.9900, 227.0100
attack-rhs_9208_9269_0.5_1.2, 1, 1.115664, 239.916652, 228, 289, 29294, 2.2700, 2.8800, 292.9300, 290.0500, 290.0500, -1874.9600, 416.7831, -1872.6741, 416.2680, 2.3432, 227.9900, 228.0100
attack-rhs_9209_9269_0.5_1.2, 1, 1.115343, 239.815870, 229, 289, 29294, 2.2800, 2.8800, 292.9300, 290.0500, 290.0500, -1874.9597, 416.7830, -1872.6741, 416.2680, 2.3429, 228.9900, 229.0100
attack-rhs_9210_9269_0.5_1.2, 1, 1.115449, 239.863870, 230, 289, 29294, 2.2900, 2.8800, 292.9300, 290.0500, 290.0500, -1874.9598, 416.7830, -1872.6741, 416.2680, 2.3430, 229.9900, 230.0100
attack-rhs_9211_9269_0.5_1.2, 1, 1.115480, 239.929332, 231, 289, 29294, 2.3000, 2.8800, 292.9300, 290.0500, 290.0500, -1874.9598, 416.7831, -1872.6741, 416.2680, 2.3431, 230.9800, 231.0100
attack-rhs_9212_9263_0.5_1.2, 1, 1.115848, 263.074684, 232, 283, 28695, 2.3100, 2.8200, 286.9400, 284.1200, 284.1200, -1819.1374, 481.2062, -1816.8627, 480.6325, 2.3459, 231.9900, 232.0100
attack-rhs_9213_9269_0.5_1.2, 1, 1.115533, 239.791950, 233, 289, 29294, 2.3200, 2.8800, 292.9300, 290.0500, 290.0500, -1874.9599, 416.7831, -1872.6741, 416.2680, 2.3431, 232.9900, 233.0100
attack-rhs_9214_9269_0.5_1.2, 1, 1.115427, 239.855162, 234, 289, 29294, 2.3300, 2.8800, 292.9300, 290.0500, 290.0500, -1874.9598, 416.7830, -1872.6741, 416.2680, 2.3430, 233.9900, 234.0100
attack-rhs_9215_9269_0.5_1.2, 1, 1.115477, 239.704408, 235, 289, 29294, 2.3400, 2.8800, 292.9300, 290.0500, 290.0500, -1874.9598, 416.7831, -1872.6741, 416.2680, 2.3431, 234.9900, 235.0100
attack-rhs_9216_9269_0.5_1.2, 1, 1.116439, 240.189191, 236, 289, 29293, 2.3500, 2.8800, 292.9200, 290.0400, 290.0400, -1874.8661, 416.8940, -1872.5818, 416.3794, 2.3416, 235.9900, 236.0100
attack-rhs_9217_9269_0.5_1.2, 1, 1.115175, 239.960839, 237, 289, 29293, 2.3600, 2.8800, 292.9200, 290.0400, 290.0400, -1874.8648, 416.8938, -1872.5818, 416.3794, 2.3403, 236.9900, 237.0100
attack-rhs_9218_9269_0.5_1.2, 1, 1.116799, 239.662814, 238, 289, 29296, 2.3700, 2.8800, 292.9500, 290.0700, 290.0700, -1875.1504, 416.5616, -1872.8585, 416.0454, 2.3493, 237.9800, 238.0100
attack-rhs_9219_9269_0.5_1.2, 1, 1.115435, 239.889768, 239, 289, 29294, 2.3800, 2.8800, 292.9300, 290.0500, 290.0500, -1874.9598, 416.7830, -1872.6741, 416.2680, 2.3430, 238.9900, 239.0100
attack-rhs_9220_9269_0.5_1.2, 1, 1.115469, 239.852998, 240, 289, 29294, 2.3900, 2.8800, 292.9300, 290.0500, 290.0500, -1874.9598, 416.7831, -1872.6741, 416.2680, 2.3430, 239.9900, 240.0100
attack-rhs_9221_9269_0.5_1.2, 1, 1.115407, 239.853396, 241, 289, 29294, 2.4000, 2.8800, 292.9300, 290.0500, 290.0500, -1874.9598, 416.7830, -1872.6741, 416.2680, 2.3430, 240.9900, 241.0100
attack-rhs_9222_9269_0.5_1.2, 1, 1.115534, 240.224267, 242, 289, 29294, 2.4100, 2.8800, 292.9300, 290.0500, 290.0500, -1874.9599, 416.7831, -1872.6741, 416.2680, 2.3431, 241.9900, 242.0100
attack-rhs_9223_9269_0.5_1.2, 1, 1.115298, 240.026025, 243, 289, 29294, 2.4200, 2.8800, 292.9300, 290.0500, 290.0500, -1874.9596, 416.7830, -1872.6741, 416.2680, 2.3429, 242.9900, 243.0100
attack-rhs_9224_9269_0.5_1.2, 1, 1.115356, 239.845865, 244, 289, 29294, 2.4300, 2.8800, 292.9300, 290.0500, 290.0500, -1874.9597, 416.7830, -1872.6741, 416.2680, 2.3429, 243.9900, 244.0100
attack-rhs_9225_9269_0.5_1.2, 1, 1.115482, 239.849201, 245, 289, 29294, 2.4400, 2.8800, 292.9300, 290.0500, 290.0500, -1874.9598, 416.7831, -1872.6741, 416.2680, 2.3431, 244.9900, 245.0100
attack-rhs_9226_9269_0.5_1.2, 1, 1.115453, 239.858061, 246, 289, 29294, 2.4500, 2.8800, 292.9300, 290.0500, 290.0500, -1874.9598, 416.7830, -1872.6741, 416.2680, 2.3430, 245.9900, 246.0100
attack-rhs_9227_9269_0.5_1.2, 1, 1.115499, 239.886348, 247, 289, 29294, 2.4600, 2.8800, 292.9300, 290.0500, 290.0500, -1874.9598, 416.7831, -1872.6741, 416.2680, 2.3431, 246.9900, 247.0100
attack-rhs_9228_9269_0.5_1.2, 1, 1.115465, 240.334887, 248, 289, 29294, 2.4700, 2.8800, 292.9300, 290.0500, 290.0500, -1874.9598, 416.7831, -1872.6741, 416.2680, 2.3430, 247.9900, 248.0100
attack-rhs_9229_9269_0.5_1.2, 1, 1.115361, 239.859960, 249, 289, 29294, 2.4800, 2.8800, 292.9300, 290.0500, 290.0500, -1874.9597, 416.7830, -1872.6741, 416.2680, 2.3429, 248.9900, 249.0100
attack-rhs_9230_9269_0.5_1.2, 1, 1.115202, 239.702094, 250, 289, 29294, 2.4900, 2.8800, 292.9300, 290.0500, 290.0500, -1874.9596, 416.7830, -1872.6741, 416.2680, 2.3428, 249.9900, 250.0100
attack-rhs_9231_9269_0.5_1.2, 1, 1.115753, 239.923509, 251, 289, 29294, 2.5000, 2.8800, 292.9300, 290.0500, 290.0500, -1874.9601, 416.7831, -1872.6741, 416.2680, 2.3433, 250.9900, 251.0100
attack-rhs_9232_9269_0.5_1.2, 1, 1.115626, 239.956872, 252, 289, 29294, 2.5100, 2.8800, 292.9300, 290.0500, 290.0500, -1874.9600, 416.7831, -1872.6741, 416.2680, 2.3432, 251.9900, 252.0100
attack-rhs_9233_9269_0.5_1.2, 1, 1.115531, 239.892673, 253, 289, 29294, 2.5200, 2.8800, 292.9300, 290.0500, 290.0500, -1874.9599, 416.7831, -1872.6741, 416.2680, 2.3431, 252.9900, 253.0100
attack-rhs_9234_9269_0.5_1.2, 1, 1.115370, 239.876424, 254, 289, 29294, 2.5300, 2.8800, 292.9300, 290.0500, 290.0500, -1874.9597, 416.7830, -1872.6741, 416.2680, 2.3429, 253.9900, 254.0100
attack-rhs_9235_9269_0.5_1.2, 1, 1.115311, 239.867400, 255, 289, 29294, 2.5400, 2.8800, 292.9300, 290.0500, 290.0500, -1874.9597, 416.7830, -1872.6741, 416.2680, 2.3429, 254.9900, 255.0100
attack-rhs_9236_9269_0.5_1.2, 1, 1.115128, 239.863108, 256, 289, 29294, 2.5500, 2.8800, 292.9300, 290.0500, 290.0500, -1874.9595, 416.7830, -1872.6741, 416.2680, 2.3427, 255.9900, 256.0100
attack-rhs_9237_9269_0.5_1.2, 1, 1.115057, 239.799537, 257, 289, 29294, 2.5600, 2.8800, 292.9300, 290.0500, 290.0500, -1874.9594, 416.7830, -1872.6741, 416.2680, 2.3426, 256.9900, 257.0100
