time,sins_x,sins_y,x,y,z,ve,vn,vu,sins_pitch,sins_roll,sins_yaw,pitch,roll,yaw,gnss_mode,frame_type,measure_type,is_have_var,var_0,var_1,var_2,var_3,var_4,var_5,var_6,var_7,var_8,var_9
1523504434.0329614,2.2225770872458446,0.6343230570185643,127.34428674166664,36.344034015000005,56.1397,0.0,0.0,0.0,0.0,0.0,0.0,0.0,0.0,0.0,0,0,1,0,0.00019600000000000002,0.000576,0.0018489999999999997,0.0,0.0,0.0,0.0,0.0,0.0,0.0
1523504435.0335763,2.222577094838027,0.6343240300105333,127.34428717666665,36.34408976333333,56.1327,0.144893039321068,6.179967918303894,-0.006995698474318007,0.0,0.0,0.0,0.0,0.0,0.0,0,0,1,0,0.00019600000000000002,0.000576,0.0019359999999999998,0.0,0.0,0.0,0.0,0.0,0.0,0.0
1523504436.0326293,2.222577099550416,0.6343250811350752,127.34428744666666,36.34414998833333,56.1025,0.13881299306486186,6.686972786590955,-0.030228626466829552,0.0,0.0,0.0,0.0,0.0,0.0,0,0,1,0,0.000225,0.000576,0.002025,0.0,0.0,0.0,0.0,0.0,0.0,0.0
1523504437.032494,2.2225770965833562,0.6343262049816695,127.34428727666665,36.34421438,56.0427,0.10712634508101382,7.144511390586725,-0.059808085056354675,0.0,0.0,0.0,0.0,0.0,0.0,0,0,1,0,0.000225,0.0006250000000000001,0.002025,0.0,0.0,0.0,0.0,0.0,0.0,0.0
1523504438.0331924,2.2225770303772006,0.6343273615822758,127.34428348333336,36.34428064833332,55.9818,-0.2143497174837975,7.352169786712014,-0.060857501501588224,0.0,0.0,0.0,0.0,0.0,0.0,0,0,1,0,0.000225,0.0006250000000000001,0.002025,0.0,0.0,0.0,0.0,0.0,0.0,0.0
1523504439.0334947,2.2225768838858984,0.6343284860397355,127.34427509,36.344345075,55.8865,-0.6306368516947563,7.157907097221338,-0.09527119811077184,0.0,0.0,0.0,0.0,0.0,0.0,0,0,1,0,0.000225,0.0006250000000000001,0.002116,0.0,0.0,0.0,0.0,0.0,0.0,0.0
1523504440.033019,2.2225767281734403,0.6343296208819041,127.34426616833333,36.34441009666668,55.802,-0.6774330046811614,7.23032880903161,-0.08454021113424454,0.0,0.0,0.0,0.0,0.0,0.0,0,0,1,0,0.000225,0.000676,0.002116,0.0,0.0,0.0,0.0,0.0,0.0,0.0
1523504441.0329704,2.222576615774236,0.6343308406925181,127.34425972833331,36.34447998666666,55.6482,-0.44516114497849285,7.763520303726515,-0.15380748079444617,0.0,0.0,0.0,0.0,0.0,0.0,0,0,1,0,0.000256,0.000676,0.002209,0.0,0.0,0.0,0.0,0.0,0.0,0.0
1523504442.03363,2.2225765565784856,0.6343321421263636,127.34425633666665,36.344554553333325,55.4578,-0.16257007289134517,8.271806928888784,-0.19027452046308885,0.0,0.0,0.0,0.0,0.0,0.0,0,0,1,0,0.000225,0.000676,0.002116,0.0,0.0,0.0,0.0,0.0,0.0,0.0
1523504443.033882,2.2225765287113957,0.6343335294304085,127.34425474,36.34463404,55.2584,0.0,0.0,0.0,0.0,0.0,0.0,0.0,0.0,0.0,0,0,0,1,0.000256,0.000676,0.002704,0.0,0.0,0.0,0.0,0.0,0.0,0.0
1523504444.0325692,2.222576517832177,0.6343349941688942,127.34425411666668,36.34471796333332,55.0717,0.0,0.0,0.0,0.0,0.0,0.0,0.0,0.0,0.0,0,0,0,1,0.000225,0.000676,0.0026009999999999996,0.0,0.0,0.0,0.0,0.0,0.0,0.0
1523504445.0332513,2.2225765202174594,0.6343365295641261,127.3442542533333,36.344805935,54.8422,0.0,0.0,0.0,0.0,0.0,0.0,0.0,0.0,0.0,0,0,0,1,0.000225,0.0006250000000000001,0.0026009999999999996,0.0,0.0,0.0,0.0,0.0,0.0,0.0
1523504446.0327518,2.2225765282459746,0.634338129100208,127.34425471333336,36.34489758166667,54.654,0.0,0.0,0.0,0.0,0.0,0.0,0.0,0.0,0.0,0,0,0,1,0.000225,0.000676,0.002704,0.0,0.0,0.0,0.0,0.0,0.0,0.0
1523504447.0317647,2.222576536681732,0.6343397734621626,127.34425519666665,36.34499179666666,54.4151,0.0,0.0,0.0,0.0,0.0,0.0,0.0,0.0,0.0,0,0,0,1,0.00019600000000000002,0.0004,0.002025,0.0,0.0,0.0,0.0,0.0,0.0,0.0
1523504448.032109,2.222576539910592,0.6343414207620884,127.34425538166668,36.34508618,54.2266,0.0,0.0,0.0,0.0,0.0,0.0,0.0,0.0,0.0,0,0,0,1,0.00019600000000000002,0.0004,0.002209,0.0,0.0,0.0,0.0,0.0,0.0,0.0
1523504449.0327818,2.2225765425576736,0.6343430666948394,127.3442555333333,36.34518048499999,54.0915,0.0,0.0,0.0,0.0,0.0,0.0,0.0,0.0,0.0,0,0,0,1,0.00019600000000000002,0.000361,0.002116,0.0,0.0,0.0,0.0,0.0,0.0,0.0
1523504450.0336103,2.222576552476962,0.6343446759756763,127.34425610166666,36.34527269,54.0724,0.0,0.0,0.0,0.0,0.0,0.0,0.0,0.0,0.0,0,0,0,1,0.00028900000000000003,0.000529,0.0031360000000000003,0.0,0.0,0.0,0.0,0.0,0.0,0.0
1523504451.0314498,2.2225765599237,0.6343462091892464,127.34425652833332,36.34536053666666,54.0131,0.0,0.0,0.0,0.0,0.0,0.0,0.0,0.0,0.0,0,0,0,1,0.000225,0.0004,0.0024010000000000004,0.0,0.0,0.0,0.0,0.0,0.0,0.0
1523504452.0318418,2.2225765479972837,0.6343475012274028,127.34425584499999,36.34543456499999,54.0226,0.0,0.0,0.0,0.0,0.0,0.0,0.0,0.0,0.0,0,0,0,1,0.000225,0.0004,0.0025000000000000005,0.0,0.0,0.0,0.0,0.0,0.0,0.0
1523504453.0314999,2.2225765380489073,0.6343486735650615,127.34425527500001,36.345501735,53.9217,0.0,0.0,0.0,0.0,0.0,0.0,0.0,0.0,0.0,0,0,0,1,0.000256,0.000529,0.0033640000000000002,0.0,0.0,0.0,0.0,0.0,0.0,0.0
1523504454.03055,2.2225765425285853,0.6343498429065716,127.34425553166666,36.34556873333334,53.9144,0.0,0.0,0.0,0.0,0.0,0.0,0.0,0.0,0.0,0,0,0,1,0.000256,0.000576,0.003721,0.0,0.0,0.0,0.0,0.0,0.0,0.0
1523504455.0355895,2.222576514894205,0.6343509754216345,127.34425394833332,36.34563362166668,53.8766,0.0,0.0,0.0,0.0,0.0,0.0,0.0,0.0,0.0,0,0,0,1,0.00028900000000000003,0.0006250000000000001,0.0042250000000000005,0.0,0.0,0.0,0.0,0.0,0.0,0.0
1523504456.0353816,2.222576346964443,0.6343519728191241,127.3442443266667,36.34569076833333,53.8823,0.0,0.0,0.0,0.0,0.0,0.0,0.0,0.0,0.0,0,0,0,1,0.00028900000000000003,0.0006250000000000001,0.0043560000000000005,0.0,0.0,0.0,0.0,0.0,0.0,0.0
1523504457.0294733,2.222576162221341,0.6343527955673335,127.34423374166664,36.34573790833333,53.9234,0.0,0.0,0.0,0.0,0.0,0.0,0.0,0.0,0.0,0,0,0,1,1.734489,10.086976000000002,50.765625,0.0,0.0,0.0,0.0,0.0,0.0,0.0
1523504458.0300157,2.222575490036869,0.6343534660646545,127.34419522833333,36.345776324999996,53.7381,0.0,0.0,0.0,0.0,0.0,0.0,0.0,0.0,0.0,0,0,0,1,1.8387360000000001,6.980163999999999,45.535504,0.0,0.0,0.0,0.0,0.0,0.0,0.0
1523504459.029614,2.222574514921415,0.6343541673961257,127.34413935833331,36.345816508333336,50.2062,0.0,0.0,0.0,0.0,0.0,0.0,0.0,0.0,0.0,0,0,2,1,1.7848960000000003,4.393216000000001,10.023556,0.0,0.0,0.0,0.0,0.0,0.0,0.0
1523504460.029915,2.222573285133336,0.6343543409109421,127.34406889666667,36.34582645,50.5243,0.0,0.0,0.0,0.0,0.0,0.0,0.0,0.0,0.0,0,0,2,1,1.8550440000000004,4.575320999999999,10.4329,0.0,0.0,0.0,0.0,0.0,0.0,0.0
1523504461.0293353,2.2225719964113053,0.6343544212833542,127.34399505833333,36.345831055,50.604,0.0,0.0,0.0,0.0,0.0,0.0,0.0,0.0,0.0,0,0,2,1,1.8252009999999999,4.498641,10.252804,0.0,0.0,0.0,0.0,0.0,0.0,0.0
1523504462.0290177,2.2225706970718546,0.634354471141593,127.34392061166666,36.34583391166666,50.6756,0.0,0.0,0.0,0.0,0.0,0.0,0.0,0.0,0.0,0,0,2,1,1.798281,4.435236,10.118761000000001,0.0,0.0,0.0,0.0,0.0,0.0,0.0
1523504463.0300817,2.222569345488882,0.6343543785809651,127.34384317166666,36.34582860833333,54.4285,0.0,0.0,0.0,0.0,0.0,0.0,0.0,0.0,0.0,0,0,2,1,0.9101159999999999,2.4586240000000004,7.491169,0.0,0.0,0.0,0.0,0.0,0.0,0.0
1523504464.030677,2.222568229496269,0.6343540958667152,127.34377922999998,36.34581241,53.898,0.0,0.0,0.0,0.0,0.0,0.0,0.0,0.0,0.0,0,0,2,1,1.841449,6.100900000000001,16.892100000000003,0.0,0.0,0.0,0.0,0.0,0.0,0.0
1523504465.0303392,2.2225673852223324,0.6343535653448001,127.34373085666665,36.34578201333333,53.7507,0.0,0.0,0.0,0.0,0.0,0.0,0.0,0.0,0.0,0,0,2,1,1.522756,5.3361,12.996025,0.0,0.0,0.0,0.0,0.0,0.0,0.0
1523504466.0300782,2.2225668779132968,0.6343528353026628,127.34370179,36.345740185,53.7755,0.0,0.0,0.0,0.0,0.0,0.0,0.0,0.0,0.0,0,0,2,1,1.522756,5.3361,12.996025,0.0,0.0,0.0,0.0,0.0,0.0,0.0
1523504467.0297966,2.222566914710655,0.6343522315350969,127.34370389833332,36.34570559166666,49.4793,0.0,0.0,0.0,0.0,0.0,0.0,0.0,0.0,0.0,0,0,2,1,1.1320960000000002,2.778889,10.916415999999998,0.0,0.0,0.0,0.0,0.0,0.0,0.0
1523504468.0316143,2.22256687017567,0.6343513880174694,127.34370134666665,36.34565726166666,50.1639,0.0,0.0,0.0,0.0,0.0,0.0,0.0,0.0,0.0,0,0,2,1,1.957201,2.9929,40.500496,0.0,0.0,0.0,0.0,0.0,0.0,0.0
1523504469.028211,2.222566579956505,0.6343504909182338,127.34368471833336,36.345605861666655,48.0562,0.0,0.0,0.0,0.0,0.0,0.0,0.0,0.0,0.0,0,0,2,1,27.040000000000003,7.257636,103.20528100000001,0.0,0.0,0.0,0.0,0.0,0.0,0.0
1523504470.02748,2.222566473520509,0.6343497334453385,127.34367862,36.34556246166666,48.0858,0.0,0.0,0.0,0.0,0.0,0.0,0.0,0.0,0.0,0,0,2,1,27.040000000000003,7.257636,103.20528100000001,0.0,0.0,0.0,0.0,0.0,0.0,0.0
1523504471.0267649,2.2225662215531425,0.6343490484617849,127.34366418333333,36.345523215,48.0858,0.0,0.0,0.0,0.0,0.0,0.0,0.0,0.0,0.0,0,0,2,1,27.040000000000003,7.257636,103.20528100000001,0.0,0.0,0.0,0.0,0.0,0.0,0.0
1523504472.0276139,2.2225658027613884,0.6343484953087671,127.34364018833331,36.34549152166666,48.0858,0.0,0.0,0.0,0.0,0.0,0.0,0.0,0.0,0.0,0,0,2,1,27.040000000000003,7.257636,103.20528100000001,0.0,0.0,0.0,0.0,0.0,0.0,0.0
1523504473.028307,2.222565207400492,0.6343481329784145,127.34360607666667,36.34547076166666,48.0858,0.0,0.0,0.0,0.0,0.0,0.0,0.0,0.0,0.0,0,0,2,1,27.040000000000003,7.257636,103.20528100000001,0.0,0.0,0.0,0.0,0.0,0.0,0.0
1523504474.027872,2.222564414526501,0.634347958038246,127.34356064833331,36.34546073833334,48.0858,0.0,0.0,0.0,0.0,0.0,0.0,0.0,0.0,0.0,0,0,2,1,27.040000000000003,7.257636,103.20528100000001,0.0,0.0,0.0,0.0,0.0,0.0,0.0
1523504475.0275693,2.2225634486031156,0.6343479165284985,127.343505305,36.34545836,48.0858,0.0,0.0,0.0,0.0,0.0,0.0,0.0,0.0,0.0,0,0,2,1,27.040000000000003,7.257636,103.20528100000001,0.0,0.0,0.0,0.0,0.0,0.0,0.0
1523504476.0280302,2.2225623700187276,0.634347901344134,127.3434435066667,36.34545749,48.0858,0.0,0.0,0.0,0.0,0.0,0.0,0.0,0.0,0.0,0,0,2,1,27.040000000000003,7.257636,103.20528100000001,0.0,0.0,0.0,0.0,0.0,0.0,0.0
1523504477.0206964,2.2225623700187276,0.634347901344134,127.3434435066667,36.34545749,48.0858,0.0,0.0,0.0,0.0,0.0,0.0,0.0,0.0,0.0,0,0,2,1,27.040000000000003,7.257636,103.20528100000001,0.0,0.0,0.0,0.0,0.0,0.0,0.0
1523504478.0282109,2.222559765289351,0.6343487981815702,127.34329426666665,36.345508875,44.735,0.0,0.0,0.0,0.0,0.0,0.0,0.0,0.0,0.0,0,0,2,1,5.294601000000001,50.580544,251.603044,0.0,0.0,0.0,0.0,0.0,0.0,0.0
1523504479.0279877,2.2225588113214703,0.6343475884647768,127.3432396083333,36.345439563333336,51.6906,0.0,0.0,0.0,0.0,0.0,0.0,0.0,0.0,0.0,0,0,2,1,5.8564,60.031504000000005,236.69822499999998,0.0,0.0,0.0,0.0,0.0,0.0,0.0
1523504480.0277982,2.2225575366493406,0.6343475060270585,127.34316657500001,36.34543484,51.3231,0.0,0.0,0.0,0.0,0.0,0.0,0.0,0.0,0.0,0,0,2,1,5.764800999999999,59.10534399999998,233.050756,0.0,0.0,0.0,0.0,0.0,0.0,0.0
1523504481.0322115,2.222556304534155,0.6343473505763996,127.34309598,36.345425933333324,51.8505,0.0,0.0,0.0,0.0,0.0,0.0,0.0,0.0,0.0,0,0,2,1,1.792921,3.556996,26.625600000000002,0.0,0.0,0.0,0.0,0.0,0.0,0.0
1523504482.0304885,2.2225550912685255,0.6343472769816831,127.343026465,36.34542171666668,51.6715,0.0,0.0,0.0,0.0,0.0,0.0,0.0,0.0,0.0,0,0,2,1,2.873025,13.169641,27.531008999999997,0.0,0.0,0.0,0.0,0.0,0.0,0.0
1523504483.0293188,2.2225538974924057,0.6343472513544315,127.34295806666665,36.34542024833332,51.7315,0.0,0.0,0.0,0.0,0.0,0.0,0.0,0.0,0.0,0,0,2,1,2.8628639999999996,13.111641,27.415695999999997,0.0,0.0,0.0,0.0,0.0,0.0,0.0
1523504484.0288978,2.2225527272782313,0.6343473003109171,127.34289101833333,36.34542305333333,51.678,0.0,0.0,0.0,0.0,0.0,0.0,0.0,0.0,0.0,0,0,2,1,2.8156839999999996,14.402025,30.173049000000002,0.0,0.0,0.0,0.0,0.0,0.0,0.0
1523504485.027995,2.2225515328330694,0.6343474390064151,127.34282258166668,36.345431,51.673,0.0,0.0,0.0,0.0,0.0,0.0,0.0,0.0,0.0,0,0,2,1,2.8291239999999998,14.470415999999998,30.305025,0.0,0.0,0.0,0.0,0.0,0.0,0.0
1523504486.028548,2.2225503574992618,0.6343476405046773,127.34275524,36.345442545,51.6041,0.0,0.0,0.0,0.0,0.0,0.0,0.0,0.0,0.0,0,0,2,1,2.8358559999999997,14.508481000000002,30.382143999999997,0.0,0.0,0.0,0.0,0.0,0.0,0.0
1523504487.0284288,2.2225492362997503,0.6343478682701448,127.342691,36.345455595000004,51.3866,0.0,0.0,0.0,0.0,0.0,0.0,0.0,0.0,0.0,0,0,2,1,2.8358559999999997,14.500863999999998,30.3601,0.0,0.0,0.0,0.0,0.0,0.0,0.0
1523504488.0286636,2.2225481694381566,0.6343480785241419,127.34262987333335,36.345467641666666,51.1155,0.0,0.0,0.0,0.0,0.0,0.0,0.0,0.0,0.0,0,0,2,1,2.8392250000000003,14.523721,30.393169,0.0,0.0,0.0,0.0,0.0,0.0,0.0
1523504489.0282664,2.2225471668628565,0.6343482687068526,127.34257243,36.345478538333325,50.8795,0.0,0.0,0.0,0.0,0.0,0.0,0.0,0.0,0.0,0,0,2,1,2.8392250000000003,14.5161,30.382143999999997,0.0,0.0,0.0,0.0,0.0,0.0,0.0
1523504490.0282981,2.2225464353662776,0.6343483366583381,127.3425305183333,36.34548243166666,51.0148,0.0,0.0,0.0,0.0,0.0,0.0,0.0,0.0,0.0,0,0,2,1,2.845969,14.538969000000002,30.426256,0.0,0.0,0.0,0.0,0.0,0.0,0.0
1523504491.0284188,2.2225458341003503,0.6343486113440738,127.34249606833332,36.345498170000006,50.2335,0.0,0.0,0.0,0.0,0.0,0.0,0.0,0.0,0.0,0,0,2,1,1.7450409999999998,3.944196,29.441476,0.0,0.0,0.0,0.0,0.0,0.0,0.0
1523504492.0282853,2.2225455219773025,0.6343487136494567,127.34247818499999,36.345504031666664,48.2803,0.0,0.0,0.0,0.0,0.0,0.0,0.0,0.0,0.0,0,0,2,1,2.0448999999999997,9.199088999999999,115.5625,0.0,0.0,0.0,0.0,0.0,0.0,0.0
1523504493.0278895,2.222545227423902,0.6343486854914779,127.34246130833331,36.345502418333325,48.8038,0.0,0.0,0.0,0.0,0.0,0.0,0.0,0.0,0.0,0,0,2,1,2.027776,9.114361,114.53280400000004,0.0,0.0,0.0,0.0,0.0,0.0,0.0
1523504494.0279663,2.2225449581195984,0.6343487227833465,127.34244587833331,36.345504555000005,47.9816,0.0,0.0,0.0,0.0,0.0,0.0,0.0,0.0,0.0,0,0,2,1,1.3712410000000002,2.927521,14.227984,0.0,0.0,0.0,0.0,0.0,0.0,0.0
1523504495.0282109,2.2225445876152876,0.6343487354078947,127.34242465,36.345505278333334,48.3875,0.0,0.0,0.0,0.0,0.0,0.0,0.0,0.0,0.0,0,0,2,1,1.3572250000000001,2.896804,14.085009000000001,0.0,0.0,0.0,0.0,0.0,0.0,0.0
1523504496.028256,2.2225442115841,0.6343487228997017,127.34240310499999,36.345504561666665,48.2852,0.0,0.0,0.0,0.0,0.0,0.0,0.0,0.0,0.0,0,0,2,1,1.3572250000000001,2.896804,14.085009000000001,0.0,0.0,0.0,0.0,0.0,0.0,0.0
1523504497.0297105,2.222543613256144,0.6343485209651072,127.34236882333335,36.34549299166666,52.7919,0.0,0.0,0.0,0.0,0.0,0.0,0.0,0.0,0.0,0,0,2,1,3.3745689999999997,1.234321,10.061584000000002,0.0,0.0,0.0,0.0,0.0,0.0,0.0
1523504498.0306246,2.2225430583868864,0.6343484126383385,127.34233703166669,36.345486785000006,54.1193,0.0,0.0,0.0,0.0,0.0,0.0,0.0,0.0,0.0,0,0,2,1,0.000169,0.000144,0.0010890000000000001,0.0,0.0,0.0,0.0,0.0,0.0,0.0
1523504499.0295186,2.2225424591571756,0.6343483276989814,127.34230269833331,36.345481918333334,54.2081,0.0,0.0,0.0,0.0,0.0,0.0,0.0,0.0,0.0,0,0,2,1,0.000169,0.000144,0.0010890000000000001,0.0,0.0,0.0,0.0,0.0,0.0,0.0
1523504500.03038,2.222541863418124,0.6343481113945093,127.34226856499998,36.34546952499999,54.2016,0.0,0.0,0.0,0.0,0.0,0.0,0.0,0.0,0.0,0,0,2,1,0.000225,0.00019600000000000002,0.001444,0.0,0.0,0.0,0.0,0.0,0.0,0.0
1523504501.0308504,2.2225413557018454,0.6343478153284906,127.34223947500001,36.34545256166666,54.2638,0.0,0.0,0.0,0.0,0.0,0.0,0.0,0.0,0.0,0,0,2,1,0.000144,0.000144,0.0009609999999999999,0.0,0.0,0.0,0.0,0.0,0.0,0.0
1523504502.0297396,2.2225410672570978,0.6343476111249681,127.34222294833334,36.34544086166666,50.7303,0.0,0.0,0.0,0.0,0.0,0.0,0.0,0.0,0.0,0,0,2,1,3.319684,2.1141159999999997,6.563844,0.0,0.0,0.0,0.0,0.0,0.0,0.0
1523504503.0289183,2.2225407617953894,0.6343469088335659,127.34220544666665,36.345400623333326,53.1166,0.0,0.0,0.0,0.0,0.0,0.0,0.0,0.0,0.0,0,0,2,1,2.9963610000000003,3.125824,12.496225,0.0,0.0,0.0,0.0,0.0,0.0,0.0
1523504504.0288024,2.2225407866081532,0.6343461774533431,127.3422068683333,36.34535871833334,55.4946,0.0,0.0,0.0,0.0,0.0,0.0,0.0,0.0,0.0,0,0,2,1,2.778889,7.011904,42.198016,0.0,0.0,0.0,0.0,0.0,0.0,0.0
1523504505.029027,2.222540757810221,0.6343457679700116,127.34220521833333,36.345335256666665,53.0229,0.0,0.0,0.0,0.0,0.0,0.0,0.0,0.0,0.0,0,0,2,1,2.1170250000000004,1.6307289999999999,18.190224999999998,0.0,0.0,0.0,0.0,0.0,0.0,0.0
1523504506.0283031,2.2225407384952445,0.6343451767106387,127.34220411166669,36.34530138,52.9344,0.0,0.0,0.0,0.0,0.0,0.0,0.0,0.0,0.0,0,0,2,1,2.0996010000000003,1.617984,18.028516000000003,0.0,0.0,0.0,0.0,0.0,0.0,0.0
1523504507.032618,2.222540749141752,0.6343445168598261,127.34220472166663,36.34526357333333,52.7581,0.0,0.0,0.0,0.0,0.0,0.0,0.0,0.0,0.0,0,0,2,1,2.0736,1.597696,17.791524,0.0,0.0,0.0,0.0,0.0,0.0,0.0
1523504508.0322833,2.2225410062578397,0.6343438081397944,127.3422194533333,36.345222966666654,53.9951,0.0,0.0,0.0,0.0,0.0,0.0,0.0,0.0,0.0,0,0,2,1,2.3073609999999998,1.7742240000000002,19.784704000000005,0.0,0.0,0.0,0.0,0.0,0.0,0.0
1523504509.030598,2.222540631681094,0.6343432110044797,127.34219799166667,36.345188753333325,54.0945,0.0,0.0,0.0,0.0,0.0,0.0,0.0,0.0,0.0,0,0,2,1,1.425636,1.1067040000000001,10.510564,0.0,0.0,0.0,0.0,0.0,0.0,0.0
1523504510.0306475,2.2225405716126785,0.6343424600474804,127.34219454999997,36.34514572666667,54.3349,0.0,0.0,0.0,0.0,0.0,0.0,0.0,0.0,0.0,0,0,2,1,2.214144,1.0816000000000001,11.587216,0.0,0.0,0.0,0.0,0.0,0.0,0.0
1523504511.0295527,2.222540729623154,0.6343417032145389,127.34220360333333,36.345102363333325,54.3971,0.0,0.0,0.0,0.0,0.0,0.0,0.0,0.0,0.0,0,0,2,1,2.214144,1.083681,11.594024999999998,0.0,0.0,0.0,0.0,0.0,0.0,0.0
1523504512.0299253,2.222540909857488,0.6343409573480833,127.34221393,36.34505962833334,54.4392,0.0,0.0,0.0,0.0,0.0,0.0,0.0,0.0,0.0,0,0,2,1,2.214144,1.083681,11.594024999999998,0.0,0.0,0.0,0.0,0.0,0.0,0.0
1523504513.0283027,2.2225413415355892,0.63434028443639,127.34223866333332,36.34502107333333,53.2927,0.0,0.0,0.0,0.0,0.0,0.0,0.0,0.0,0.0,0,0,2,1,5.470921,2.7456490000000002,23.629320999999997,0.0,0.0,0.0,0.0,0.0,0.0,0.0
1523504514.0278249,2.22254141085425,0.6343395638190308,127.34224263500002,36.344979785,53.6875,0.0,0.0,0.0,0.0,0.0,0.0,0.0,0.0,0.0,0,0,2,1,5.489649,2.752281,23.687689,0.0,0.0,0.0,0.0,0.0,0.0,0.0
1523504515.027799,2.2225412931317914,0.6343387205632026,127.34223589,36.34493147,51.2489,0.0,0.0,0.0,0.0,0.0,0.0,0.0,0.0,0.0,0,0,2,1,6.360483999999999,3.8415999999999997,48.930025,0.0,0.0,0.0,0.0,0.0,0.0,0.0
1523504516.0272267,2.2225412809435756,0.6343378124393041,127.34223519166666,36.34487943833334,54.0596,0.0,0.0,0.0,0.0,0.0,0.0,0.0,0.0,0.0,0,0,2,1,14.137599999999999,6.791236,165.07110400000002,0.0,0.0,0.0,0.0,0.0,0.0,0.0
1523504517.0274198,2.2225412743404127,0.63433699449075,127.3422348133333,36.34483257333333,53.8584,0.0,0.0,0.0,0.0,0.0,0.0,0.0,0.0,0.0,0,0,2,1,14.137599999999999,6.791236,165.04540899999998,0.0,0.0,0.0,0.0,0.0,0.0,0.0
1523504518.027077,2.2225412848705663,0.6343362110415377,127.34223541666665,36.344787685,53.7764,0.0,0.0,0.0,0.0,0.0,0.0,0.0,0.0,0.0,0,0,2,1,14.137599999999999,6.791236,165.019716,0.0,0.0,0.0,0.0,0.0,0.0,0.0
1523504519.0270672,2.222541289553867,0.6343354398968967,127.34223568500002,36.34474350166668,53.5563,0.0,0.0,0.0,0.0,0.0,0.0,0.0,0.0,0.0,0,0,2,1,14.145121000000001,6.791236,164.99402500000002,0.0,0.0,0.0,0.0,0.0,0.0,0.0
1523504520.0268896,2.2225413150938516,0.6343346536842461,127.34223714833334,36.344698455,53.447,0.0,0.0,0.0,0.0,0.0,0.0,0.0,0.0,0.0,0,0,2,1,14.145121000000001,6.7860249999999995,164.99402500000002,0.0,0.0,0.0,0.0,0.0,0.0,0.0
1523504521.0291045,2.2225413202716613,0.6343338764891302,127.34223744499998,36.344653924999996,53.1426,0.0,0.0,0.0,0.0,0.0,0.0,0.0,0.0,0.0,0,0,2,1,14.145121000000001,6.7860249999999995,164.968336,0.0,0.0,0.0,0.0,0.0,0.0,0.0
1523504522.0273569,2.222541337754043,0.6343331332697573,127.34223844666667,36.34461134166668,52.821,0.0,0.0,0.0,0.0,0.0,0.0,0.0,0.0,0.0,0,0,2,1,14.145121000000001,6.7860249999999995,164.94264900000005,0.0,0.0,0.0,0.0,0.0,0.0,0.0
1523504523.0209138,2.222541337754043,0.6343331332697573,127.34223844666667,36.34461134166668,52.821,0.0,0.0,0.0,0.0,0.0,0.0,0.0,0.0,0.0,0,0,2,1,14.145121000000001,6.7860249999999995,164.94264900000005,0.0,0.0,0.0,0.0,0.0,0.0,0.0
1523504524.020628,2.222541337754043,0.6343331332697573,127.34223844666667,36.34461134166668,52.821,0.0,0.0,0.0,0.0,0.0,0.0,0.0,0.0,0.0,0,0,2,1,14.145121000000001,6.7860249999999995,164.94264900000005,0.0,0.0,0.0,0.0,0.0,0.0,0.0
1523504525.0215554,2.222541337754043,0.6343331332697573,127.34223844666667,36.34461134166668,52.821,0.0,0.0,0.0,0.0,0.0,0.0,0.0,0.0,0.0,0,0,2,1,14.145121000000001,6.7860249999999995,164.94264900000005,0.0,0.0,0.0,0.0,0.0,0.0,0.0
1523504526.0272164,2.222542729566855,0.6343312023247389,127.34231819166669,36.34450070666666,52.447,0.0,0.0,0.0,0.0,0.0,0.0,0.0,0.0,0.0,0,0,2,1,1.708249,2.0764810000000002,27.783441,0.0,0.0,0.0,0.0,0.0,0.0,0.0
1523504527.0279174,2.2225434879705923,0.6343310817806656,127.34236164499998,36.3444938,52.4402,0.0,0.0,0.0,0.0,0.0,0.0,0.0,0.0,0.0,0,0,2,1,1.4957290000000003,2.033476,29.106024999999995,0.0,0.0,0.0,0.0,0.0,0.0,0.0
1523504528.0300486,2.2225441046535943,0.6343310154581538,127.34239697833331,36.34449,55.5413,0.0,0.0,0.0,0.0,0.0,0.0,0.0,0.0,0.0,0,0,2,1,0.9801000000000004,1.444804,11.758040999999999,0.0,0.0,0.0,0.0,0.0,0.0,0.0
1523504529.0311716,2.222545110079599,0.6343310288099228,127.34245458499998,36.344490765,55.5329,0.0,0.0,0.0,0.0,0.0,0.0,0.0,0.0,0.0,0,0,2,1,0.9801000000000004,1.444804,11.7649,0.0,0.0,0.0,0.0,0.0,0.0,0.0
1523504530.030181,2.2225461372931306,0.634331014614578,127.34251344,36.34448995166666,54.5513,0.0,0.0,0.0,0.0,0.0,0.0,0.0,0.0,0.0,0,0,2,1,8.099999999999996e-05,0.000361,0.002304,0.0,0.0,0.0,0.0,0.0,0.0,0.0
1523504531.0305505,2.222547261808768,0.6343310548735063,127.34257787000003,36.34449225833334,54.5542,0.0,0.0,0.0,0.0,0.0,0.0,0.0,0.0,0.0,0,0,2,1,3.6e-05,0.00019600000000000002,0.0010890000000000001,0.0,0.0,0.0,0.0,0.0,0.0,0.0
1523504532.036682,2.22254836078442,0.6343310929216838,127.34264083666667,36.34449443833333,54.5386,0.0,0.0,0.0,0.0,0.0,0.0,0.0,0.0,0.0,0,0,2,1,3.6e-05,0.000169,0.0010890000000000001,0.0,0.0,0.0,0.0,0.0,0.0,0.0
1523504533.0366912,2.2225494135379362,0.6343311315225492,127.34270115500001,36.34449665,54.5293,0.0,0.0,0.0,0.0,0.0,0.0,0.0,0.0,0.0,0,0,2,1,3.6e-05,0.000144,0.001024,0.0,0.0,0.0,0.0,0.0,0.0,0.0
1523504534.0359938,2.222550437493519,0.6343311533973424,127.34275982333332,36.34449790333333,54.4725,0.0,0.0,0.0,0.0,0.0,0.0,0.0,0.0,0.0,0,0,2,1,3.6e-05,0.000169,0.0010890000000000001,0.0,0.0,0.0,0.0,0.0,0.0,0.0
1523504535.0300784,2.2225514740736507,0.6343311625312321,127.342819215,36.34449842666666,54.4784,0.0,0.0,0.0,0.0,0.0,0.0,0.0,0.0,0.0,0,0,2,1,6.4e-05,0.00019600000000000002,0.001444,0.0,0.0,0.0,0.0,0.0,0.0,0.0
1523504536.0312788,2.2225524373208647,0.6343311653237589,127.34287440499999,36.34449858666666,54.4738,0.0,0.0,0.0,0.0,0.0,0.0,0.0,0.0,0.0,0,0,2,1,4.9000000000000005e-05,0.000169,0.0012250000000000002,0.0,0.0,0.0,0.0,0.0,0.0,0.0
1523504537.0314178,2.222553176206004,0.6343311706761021,127.34291674,36.34449889333334,54.6082,0.0,0.0,0.0,0.0,0.0,0.0,0.0,0.0,0.0,0,0,2,1,0.0001,0.000169,0.0013689999999999998,0.0,0.0,0.0,0.0,0.0,0.0,0.0
1523504538.0310657,2.2225538963579425,0.6343311790245935,127.34295800166669,36.34449937166666,54.5646,0.0,0.0,0.0,0.0,0.0,0.0,0.0,0.0,0.0,0,0,2,1,0.00012099999999999999,0.00019600000000000002,0.0018489999999999997,0.0,0.0,0.0,0.0,0.0,0.0,0.0
1523504539.0317564,2.222554617062568,0.6343311925799839,127.34299929500001,36.344500148333324,54.4176,0.0,0.0,0.0,0.0,0.0,0.0,0.0,0.0,0.0,0,0,2,1,6.4e-05,4.9000000000000005e-05,0.00048399999999999995,0.0,0.0,0.0,0.0,0.0,0.0,0.0
1523504540.0320518,2.222555466485226,0.6343312092478783,127.34304796333332,36.34450110333332,54.3991,0.0,0.0,0.0,0.0,0.0,0.0,0.0,0.0,0.0,0,0,2,1,4.9000000000000005e-05,3.6e-05,0.000256,0.0,0.0,0.0,0.0,0.0,0.0,0.0
1523504541.0317185,2.222556463126406,0.6343312170727712,127.34310506666665,36.34450155166666,54.3556,0.0,0.0,0.0,0.0,0.0,0.0,0.0,0.0,0.0,0,0,2,1,6.4e-05,4.9000000000000005e-05,0.000361,0.0,0.0,0.0,0.0,0.0,0.0,0.0
1523504542.0310154,2.2225575473249375,0.6343312061935522,127.34316718666665,36.344500928333325,54.3156,0.0,0.0,0.0,0.0,0.0,0.0,0.0,0.0,0.0,0,0,2,1,6.4e-05,0.000144,0.0007840000000000001,0.0,0.0,0.0,0.0,0.0,0.0,0.0
1523504543.0306728,2.2225586806835764,0.6343312318208035,127.34323212333332,36.34450239666667,54.3172,0.0,0.0,0.0,0.0,0.0,0.0,0.0,0.0,0.0,0,0,2,1,6.4e-05,0.000169,0.0008410000000000001,0.0,0.0,0.0,0.0,0.0,0.0,0.0
1523504544.0304039,2.2225598198599794,0.634331317283759,127.34329739333334,36.34450729333332,54.3316,0.0,0.0,0.0,0.0,0.0,0.0,0.0,0.0,0.0,0,0,2,1,0.0001,0.000225,0.0010890000000000001,0.0,0.0,0.0,0.0,0.0,0.0,0.0
1523504545.030992,2.222560906211083,0.6343314605752907,127.34335963666665,36.34451550333333,54.2652,0.0,0.0,0.0,0.0,0.0,0.0,0.0,0.0,0.0,0,0,2,1,8.099999999999996e-05,0.000225,0.0009,0.0,0.0,0.0,0.0,0.0,0.0,0.0
1523504546.0296147,2.2225619041903495,0.634331643369441,127.34341681666668,36.34452597666666,54.2455,0.0,0.0,0.0,0.0,0.0,0.0,0.0,0.0,0.0,0,0,2,1,0.000169,0.0007289999999999999,0.0019359999999999998,0.0,0.0,0.0,0.0,0.0,0.0,0.0
1523504547.0303626,2.222562818364723,0.6343318921952147,127.34346919500001,36.344540233333326,54.2248,0.0,0.0,0.0,0.0,0.0,0.0,0.0,0.0,0.0,0,0,2,1,0.0001,0.0006250000000000001,0.0012250000000000002,0.0,0.0,0.0,0.0,0.0,0.0,0.0
1523504548.0305092,2.222563645301723,0.634332238526716,127.34351657500001,36.34456007666667,54.2425,0.0,0.0,0.0,0.0,0.0,0.0,0.0,0.0,0.0,0,0,2,1,0.000256,0.0013689999999999998,0.003025,0.0,0.0,0.0,0.0,0.0,0.0,0.0
1523504549.0295236,2.2225644077488065,0.6343326845456063,127.34356026,36.34458563166666,54.2332,0.0,0.0,0.0,0.0,0.0,0.0,0.0,0.0,0.0,0,0,2,1,0.00012099999999999999,0.000676,0.0012250000000000002,0.0,0.0,0.0,0.0,0.0,0.0,0.0
1523504550.0298214,2.222565145295859,0.6343331889457604,127.34360251833331,36.34461453166668,54.496,0.0,0.0,0.0,0.0,0.0,0.0,0.0,0.0,0.0,0,0,2,1,0.00012099999999999999,0.000676,0.0012959999999999998,0.0,0.0,0.0,0.0,0.0,0.0,0.0
1523504551.0292485,2.2225658227454077,0.634333863195539,127.3436413333333,36.34465316333333,53.9193,0.0,0.0,0.0,0.0,0.0,0.0,0.0,0.0,0.0,0,0,2,1,0.00032399999999999985,0.0025000000000000005,0.0033640000000000002,0.0,0.0,0.0,0.0,0.0,0.0,0.0
1523504552.0271363,2.2225666516022704,0.6343346599092536,127.34368882333335,36.34469881166666,50.6295,0.0,0.0,0.0,0.0,0.0,0.0,0.0,0.0,0.0,0,0,2,1,7.436528999999999,49.491225,33.039504,0.0,0.0,0.0,0.0,0.0,0.0,0.0
1523504553.0274687,2.2225672128128906,0.6343353962927539,127.34372097833331,36.344741003333326,50.7901,0.0,0.0,0.0,0.0,0.0,0.0,0.0,0.0,0.0,0,0,2,1,7.524049,50.055625,33.396841,0.0,0.0,0.0,0.0,0.0,0.0,0.0
1523504554.0276482,2.222567609322608,0.6343361659247766,127.34374369666665,36.3447851,50.5822,0.0,0.0,0.0,0.0,0.0,0.0,0.0,0.0,0.0,0,0,2,1,2.471184,3.912484,31.427235999999997,0.0,0.0,0.0,0.0,0.0,0.0,0.0
1523504555.0206008,2.222567609322608,0.6343361659247766,127.34374369666665,36.3447851,50.5822,0.0,0.0,0.0,0.0,0.0,0.0,0.0,0.0,0.0,0,0,2,1,2.471184,3.912484,31.427235999999997,0.0,0.0,0.0,0.0,0.0,0.0,0.0
1523504556.02652,2.222567873827257,0.6343377771254755,127.34375885166669,36.344877415,51.7934,0.0,0.0,0.0,0.0,0.0,0.0,0.0,0.0,0.0,0,0,2,1,14.190289,6.775609000000001,164.32676100000003,0.0,0.0,0.0,0.0,0.0,0.0,0.0
1523504557.0267408,2.222567783070136,0.6343385695049558,127.34375365166669,36.344922815,51.8364,0.0,0.0,0.0,0.0,0.0,0.0,0.0,0.0,0.0,0,0,2,1,14.190289,6.775609000000001,164.301124,0.0,0.0,0.0,0.0,0.0,0.0,0.0
1523504558.0264857,2.2225676239542858,0.6343391918021007,127.34374453500001,36.34495847,51.8449,0.0,0.0,0.0,0.0,0.0,0.0,0.0,0.0,0.0,0,0,2,1,14.197823999999999,6.775609000000001,164.275489,0.0,0.0,0.0,0.0,0.0,0.0,0.0
1523504559.028238,2.222567418732654,0.6343396762182346,127.34373277666667,36.344986225,51.7905,0.0,0.0,0.0,0.0,0.0,0.0,0.0,0.0,0.0,0,0,2,1,14.197823999999999,6.775609000000001,164.275489,0.0,0.0,0.0,0.0,0.0,0.0,0.0
1523504560.0266004,2.2225671630419193,0.6343401257277835,127.3437181266667,36.34501198,51.7844,0.0,0.0,0.0,0.0,0.0,0.0,0.0,0.0,0.0,0,0,2,1,14.197823999999999,6.775609000000001,164.24985600000002,0.0,0.0,0.0,0.0,0.0,0.0,0.0
1523504561.0268114,2.222566914157967,0.6343406088058314,127.34370386666664,36.34503965833333,51.8787,0.0,0.0,0.0,0.0,0.0,0.0,0.0,0.0,0.0,0,0,2,1,14.197823999999999,6.775609000000001,164.224225,0.0,0.0,0.0,0.0,0.0,0.0,0.0
1523504562.0266368,2.222566833436489,0.6343410634350127,127.34369924166666,36.34506570666666,56.2118,0.0,0.0,0.0,0.0,0.0,0.0,0.0,0.0,0.0,0,0,2,1,7.661823999999999,23.522499999999997,414.16320099999996,0.0,0.0,0.0,0.0,0.0,0.0,0.0
1523504563.0276039,2.222566811387163,0.6343419502368057,127.34369797833331,36.34511651666666,54.06,0.0,0.0,0.0,0.0,0.0,0.0,0.0,0.0,0.0,0,0,2,1,1.830609,2.768896,20.232004000000003,0.0,0.0,0.0,0.0,0.0,0.0,0.0
1523504564.0282319,2.2225668505988936,0.6343427415399999,127.34370022499999,36.345161855,53.7363,0.0,0.0,0.0,0.0,0.0,0.0,0.0,0.0,0.0,0,0,2,1,1.782225,2.692881,19.678096,0.0,0.0,0.0,0.0,0.0,0.0,0.0
1523504565.0293233,2.222566712165195,0.6343433596774432,127.3436922933333,36.345197271666656,56.1959,0.0,0.0,0.0,0.0,0.0,0.0,0.0,0.0,0.0,0,0,2,1,0.9082089999999999,1.390041,9.909904000000001,0.0,0.0,0.0,0.0,0.0,0.0,0.0
1523504566.0305407,2.222566651020494,0.6343442326329573,127.34368879,36.34524728833332,56.2032,0.0,0.0,0.0,0.0,0.0,0.0,0.0,0.0,0.0,0,0,2,1,0.9082089999999999,1.390041,9.916201000000001,0.0,0.0,0.0,0.0,0.0,0.0,0.0
1523504567.0303555,2.2225664251167117,0.6343450594826905,127.3436758466667,36.34529466333333,56.1875,0.0,0.0,0.0,0.0,0.0,0.0,0.0,0.0,0.0,0,0,2,1,0.9082089999999999,1.390041,9.9225,0.0,0.0,0.0,0.0,0.0,0.0,0.0
1523504568.029092,2.22256606226276,0.634345813057684,127.34365505666668,36.34533784,56.2018,0.0,0.0,0.0,0.0,0.0,0.0,0.0,0.0,0.0,0,0,2,1,0.9082089999999999,1.390041,9.928800999999998,0.0,0.0,0.0,0.0,0.0,0.0,0.0
1523504569.0297196,2.222565584566143,0.6343464770100202,127.34362768666665,36.34537588166666,56.2557,0.0,0.0,0.0,0.0,0.0,0.0,0.0,0.0,0.0,0,0,2,1,0.9082089999999999,1.390041,9.935104,0.0,0.0,0.0,0.0,0.0,0.0,0.0
1523504570.0296762,2.22256499182324,0.634347027865021,127.34359372499999,36.34540744333333,56.2592,0.0,0.0,0.0,0.0,0.0,0.0,0.0,0.0,0.0,0,0,2,1,0.9082089999999999,1.390041,9.941409,0.0,0.0,0.0,0.0,0.0,0.0,0.0
1523504571.028941,2.2225642544216315,0.6343474460749986,127.34355147500001,36.345431405,56.175,0.0,0.0,0.0,0.0,0.0,0.0,0.0,0.0,0.0,0,0,2,1,0.9082089999999999,1.3923999999999999,9.947716,0.0,0.0,0.0,0.0,0.0,0.0,0.0
1523504572.0313764,2.222563391705382,0.6343477369341185,127.343502045,36.34544807,56.1883,0.0,0.0,0.0,0.0,0.0,0.0,0.0,0.0,0.0,0,0,2,1,0.9082089999999999,1.3923999999999999,9.947716,0.0,0.0,0.0,0.0,0.0,0.0,0.0
1523504573.0294096,2.2225624377665905,0.6343478677756348,127.34344738833332,36.34545556666667,56.1597,0.0,0.0,0.0,0.0,0.0,0.0,0.0,0.0,0.0,0,0,2,1,0.9101159999999999,1.3923999999999999,9.954024999999998,0.0,0.0,0.0,0.0,0.0,0.0,0.0
1523504574.0312119,2.222561418639751,0.6343478476170819,127.34338899666665,36.345454411666665,56.1906,0.0,0.0,0.0,0.0,0.0,0.0,0.0,0.0,0.0,0,0,2,1,0.9101159999999999,1.3971239999999998,9.954024999999998,0.0,0.0,0.0,0.0,0.0,0.0,0.0
1523504575.0292222,2.222560329787009,0.6343477312908871,127.34332661,36.34544774666666,56.1589,0.0,0.0,0.0,0.0,0.0,0.0,0.0,0.0,0.0,0,0,2,1,0.9101159999999999,1.3971239999999998,9.960336000000002,0.0,0.0,0.0,0.0,0.0,0.0,0.0
1523504576.0269086,2.222559275259075,0.6343480156632001,127.34326619,36.34546404,47.6866,0.0,0.0,0.0,0.0,0.0,0.0,0.0,0.0,0.0,0,0,2,1,7.1984889999999995,65.65860899999997,257.474116,0.0,0.0,0.0,0.0,0.0,0.0,0.0
1523504577.0275714,2.222558226897971,0.6343474143681838,127.34320612333335,36.345429588333324,51.1185,0.0,0.0,0.0,0.0,0.0,0.0,0.0,0.0,0.0,0,0,2,1,2.298256,10.284849,130.23374400000003,0.0,0.0,0.0,0.0,0.0,0.0,0.0
1523504578.0275753,2.222557016512134,0.634347302114424,127.3431367733333,36.34542315666666,50.8701,0.0,0.0,0.0,0.0,0.0,0.0,0.0,0.0,0.0,0,0,2,1,2.3012889999999997,10.291264000000002,130.302225,0.0,0.0,0.0,0.0,0.0,0.0,0.0
1523504579.027079,2.2225556678962213,0.6343477663720051,127.34305950333332,36.34544975666666,46.45,0.0,0.0,0.0,0.0,0.0,0.0,0.0,0.0,0.0,0,0,2,1,7.3441,66.91239999999996,262.50480400000004,0.0,0.0,0.0,0.0,0.0,0.0,0.0
1523504580.0274148,2.2225544505581576,0.6343477737896547,127.34298975500002,36.34545018166668,45.9902,0.0,0.0,0.0,0.0,0.0,0.0,0.0,0.0,0.0,0,0,2,1,7.360369,67.02696899999997,263.023524,0.0,0.0,0.0,0.0,0.0,0.0,0.0
1523504581.0277634,2.2225532485789907,0.6343478442427785,127.3429208866667,36.34545421833332,45.557,0.0,0.0,0.0,0.0,0.0,0.0,0.0,0.0,0.0,0,0,2,1,7.360369,66.961489,262.828944,0.0,0.0,0.0,0.0,0.0,0.0,0.0
1523504582.0276523,2.2225522423675876,0.6343473170660778,127.34286323500001,36.34542401333332,51.2901,0.0,0.0,0.0,0.0,0.0,0.0,0.0,0.0,0.0,0,0,2,1,3.1364409999999996,15.768841,32.547025,0.0,0.0,0.0,0.0,0.0,0.0,0.0
1523504583.027575,2.2225511263458855,0.6343475027981993,127.34279929166664,36.345434655,51.1945,0.0,0.0,0.0,0.0,0.0,0.0,0.0,0.0,0.0,0,0,2,1,3.083536,15.507844000000002,32.001649,0.0,0.0,0.0,0.0,0.0,0.0,0.0
1523504584.030328,2.2225500501758693,0.6343477365850526,127.34273763166667,36.34544805,51.1083,0.0,0.0,0.0,0.0,0.0,0.0,0.0,0.0,0.0,0,0,2,1,3.076516,15.460624,31.899903999999996,0.0,0.0,0.0,0.0,0.0,0.0,0.0
1523504585.031266,2.2225490037637163,0.6343479619943254,127.34267767666665,36.345460964999994,51.2138,0.0,0.0,0.0,0.0,0.0,0.0,0.0,0.0,0.0,0,0,2,1,3.0800249999999996,15.468488999999998,31.922500000000003,0.0,0.0,0.0,0.0,0.0,0.0,0.0
1523504586.0282233,2.2225479880984467,0.634348161020038,127.34261948333332,36.34547236833334,51.2142,0.0,0.0,0.0,0.0,0.0,0.0,0.0,0.0,0.0,0,0,2,1,3.0800249999999996,15.476356000000001,31.922500000000003,0.0,0.0,0.0,0.0,0.0,0.0,0.0
1523504587.0272832,2.2225470381739125,0.6343482715866459,127.34256505666664,36.34547870333333,51.2431,0.0,0.0,0.0,0.0,0.0,0.0,0.0,0.0,0.0,0,0,2,1,1.6926009999999998,3.4969000000000006,33.849123999999996,0.0,0.0,0.0,0.0,0.0,0.0,0.0
1523504588.0270178,2.2225462743014766,0.6343484332041346,127.34252129,36.345487963333326,50.1248,0.0,0.0,0.0,0.0,0.0,0.0,0.0,0.0,0.0,0,0,2,1,1.9937439999999997,7.027800999999999,135.48960000000002,0.0,0.0,0.0,0.0,0.0,0.0,0.0
1523504589.0274637,2.222545743139608,0.6343487250231857,127.34249085666667,36.34550468333334,48.9496,0.0,0.0,0.0,0.0,0.0,0.0,0.0,0.0,0.0,0,0,2,1,1.739761,5.793649,128.981449,0.0,0.0,0.0,0.0,0.0,0.0,0.0
1523504590.0270996,2.2225453586435733,0.6343487498650386,127.34246882666665,36.34550610666666,48.9902,0.0,0.0,0.0,0.0,0.0,0.0,0.0,0.0,0.0,0,0,2,1,1.687401,5.6169,125.08185599999999,0.0,0.0,0.0,0.0,0.0,0.0,0.0
1523504591.027534,2.2225449223112603,0.634348694887167,127.34244382666665,36.34550295666666,50.9792,0.0,0.0,0.0,0.0,0.0,0.0,0.0,0.0,0.0,0,0,2,1,1.329409,2.140369,13.520329,0.0,0.0,0.0,0.0,0.0,0.0,0.0
1523504592.0275419,2.222544315140303,0.6343487306664171,127.34240903833334,36.34550500666668,51.0704,0.0,0.0,0.0,0.0,0.0,0.0,0.0,0.0,0.0,0,0,2,1,1.418481,2.9138490000000004,14.837903999999998,0.0,0.0,0.0,0.0,0.0,0.0,0.0
1523504593.0296388,2.222543551849643,0.6343485009519984,127.34236530499999,36.34549184499999,54.5247,0.0,0.0,0.0,0.0,0.0,0.0,0.0,0.0,0.0,0,0,2,1,2.013561,1.7582760000000002,12.054784,0.0,0.0,0.0,0.0,0.0,0.0,0.0
1523504594.0273776,2.2225429085503703,0.6343486434290432,127.3423284466667,36.34550000833334,50.8791,0.0,0.0,0.0,0.0,0.0,0.0,0.0,0.0,0.0,0,0,2,1,1.5700089999999998,3.2112640000000003,14.055001,0.0,0.0,0.0,0.0,0.0,0.0,0.0
1523504595.0271926,2.222542149884833,0.6343484053370443,127.34228497833334,36.34548636666666,50.6498,0.0,0.0,0.0,0.0,0.0,0.0,0.0,0.0,0.0,0,0,2,1,1.3782759999999998,1.671849,7.252249,0.0,0.0,0.0,0.0,0.0,0.0,0.0
1523504596.0291018,2.2225413725442724,0.6343478363887968,127.34224044,36.34545376833332,53.3042,0.0,0.0,0.0,0.0,0.0,0.0,0.0,0.0,0.0,0,0,2,1,1.0404,1.329409,7.469289000000001,0.0,0.0,0.0,0.0,0.0,0.0,0.0
1523504597.0281847,2.2225408964184528,0.6343472544669357,127.34221316,36.34542042666668,53.3437,0.0,0.0,0.0,0.0,0.0,0.0,0.0,0.0,0.0,0,0,2,1,3.873024,4.355569000000001,23.011208999999997,0.0,0.0,0.0,0.0,0.0,0.0,0.0
1523504598.0273926,2.2225407243580766,0.6343465470849899,127.34220330166664,36.34537989666668,53.1712,0.0,0.0,0.0,0.0,0.0,0.0,0.0,0.0,0.0,0,0,2,1,2.396304,11.189025,54.87846400000001,0.0,0.0,0.0,0.0,0.0,0.0,0.0
1523504599.0271745,2.2225406474181457,0.6343457319871403,127.3421988933333,36.345333195,53.9235,0.0,0.0,0.0,0.0,0.0,0.0,0.0,0.0,0.0,0,0,2,1,2.4025000000000003,11.229201,55.04156099999998,0.0,0.0,0.0,0.0,0.0,0.0,0.0
1523504600.0267172,2.22254061277336,0.6343448963234943,127.3421969083333,36.345285315,54.3576,0.0,0.0,0.0,0.0,0.0,0.0,0.0,0.0,0.0,0,0,2,1,2.396304,11.195716000000001,54.87846400000001,0.0,0.0,0.0,0.0,0.0,0.0,0.0
1523504601.0262835,2.2225406729290422,0.6343442037477582,127.34220035500002,36.34524563333333,52.7377,0.0,0.0,0.0,0.0,0.0,0.0,0.0,0.0,0.0,0,0,2,1,2.4492249999999998,2.544025,19.386408999999997,0.0,0.0,0.0,0.0,0.0,0.0,0.0
1523504602.0261986,2.222540747105535,0.6343433739600542,127.34220460499999,36.34519809,52.7724,0.0,0.0,0.0,0.0,0.0,0.0,0.0,0.0,0.0,0,0,2,1,2.4649,2.5600000000000005,19.501056000000002,0.0,0.0,0.0,0.0,0.0,0.0,0.0
1523504603.0269647,2.2225409077630927,0.6343425135999997,127.34221381,36.34514879500001,53.3218,0.0,0.0,0.0,0.0,0.0,0.0,0.0,0.0,0.0,0,0,2,1,2.480625,2.576025,19.616041000000003,0.0,0.0,0.0,0.0,0.0,0.0,0.0
1523504604.026338,2.222541060741202,0.6343416523091027,127.34222257500001,36.34509944666667,53.2414,0.0,0.0,0.0,0.0,0.0,0.0,0.0,0.0,0.0,0,0,2,1,4.857616000000001,2.8628639999999996,24.482704000000005,0.0,0.0,0.0,0.0,0.0,0.0,0.0
1523504605.0264595,2.222541226954724,0.6343407699288104,127.34223209833331,36.34504889,52.7467,0.0,0.0,0.0,0.0,0.0,0.0,0.0,0.0,0.0,0,0,2,1,4.289041000000001,1.798281,23.030401000000005,0.0,0.0,0.0,0.0,0.0,0.0,0.0
1523504606.02671,2.222541338946685,0.6343396738329513,127.34223851500002,36.344986088333336,54.8823,0.0,0.0,0.0,0.0,0.0,0.0,0.0,0.0,0.0,0,0,2,1,4.485924,4.477456,39.866596,0.0,0.0,0.0,0.0,0.0,0.0,0.0
1523504607.0197504,2.222541338946685,0.6343396738329513,127.34223851500002,36.344986088333336,54.8823,0.0,0.0,0.0,0.0,0.0,0.0,0.0,0.0,0.0,0,0,2,1,4.485924,4.477456,39.866596,0.0,0.0,0.0,0.0,0.0,0.0,0.0
1523504608.020127,2.222541338946685,0.6343396738329513,127.34223851500002,36.344986088333336,54.8823,0.0,0.0,0.0,0.0,0.0,0.0,0.0,0.0,0.0,0,0,2,1,4.485924,4.477456,39.866596,0.0,0.0,0.0,0.0,0.0,0.0,0.0
1523504609.0253856,2.2225414385177182,0.6343366480428935,127.34224422,36.34481272333333,62.7142,0.0,0.0,0.0,0.0,0.0,0.0,0.0,0.0,0.0,0,0,2,1,14.265729,6.770403999999999,163.43065600000003,0.0,0.0,0.0,0.0,0.0,0.0,0.0
1523504610.0275548,2.2225414329035766,0.6343357561214682,127.34224389833336,36.34476162,62.797,0.0,0.0,0.0,0.0,0.0,0.0,0.0,0.0,0.0,0,0,2,1,14.265729,6.770403999999999,163.43065600000003,0.0,0.0,0.0,0.0,0.0,0.0,0.0
1523504611.0282412,2.222541442270176,0.6343348849112833,127.342244435,36.34471170333334,62.877,0.0,0.0,0.0,0.0,0.0,0.0,0.0,0.0,0.0,0,0,2,1,14.265729,6.770403999999999,163.40508899999998,0.0,0.0,0.0,0.0,0.0,0.0,0.0
1523504612.0257897,2.2225414941937216,0.6343340931426679,127.34224741,36.344666338333326,63.1291,0.0,0.0,0.0,0.0,0.0,0.0,0.0,0.0,0.0,0,0,2,1,14.273284,6.770403999999999,163.379524,0.0,0.0,0.0,0.0,0.0,0.0,0.0
1523504613.025631,2.2225415448955363,0.6343334149077208,127.34225031500002,36.34462747833334,63.2709,0.0,0.0,0.0,0.0,0.0,0.0,0.0,0.0,0.0,0,0,2,1,14.273284,6.770403999999999,163.379524,0.0,0.0,0.0,0.0,0.0,0.0,0.0
1523504614.0263512,2.2225415811402067,0.6343328333931028,127.34225239166666,36.34459416,63.4992,0.0,0.0,0.0,0.0,0.0,0.0,0.0,0.0,0.0,0,0,2,1,14.273284,6.770403999999999,163.35396100000003,0.0,0.0,0.0,0.0,0.0,0.0,0.0
1523504615.0258791,2.222541603684043,0.6343323161066012,127.34225368333333,36.34456452166666,63.6126,0.0,0.0,0.0,0.0,0.0,0.0,0.0,0.0,0.0,0,0,2,1,14.273284,6.770403999999999,163.35396100000003,0.0,0.0,0.0,0.0,0.0,0.0,0.0
1523504616.0267377,2.222541559469035,0.634332195969771,127.34225115,36.34455763833333,54.2271,0.0,0.0,0.0,0.0,0.0,0.0,0.0,0.0,0.0,0,0,2,1,1.428025,1.734489,18.301283999999995,0.0,0.0,0.0,0.0,0.0,0.0,0.0
1523504617.0274916,2.2225415473680856,0.6343318830031474,127.34225045666665,36.344539706666666,53.8439,0.0,0.0,0.0,0.0,0.0,0.0,0.0,0.0,0.0,0,0,2,1,1.3829759999999998,1.679616,17.715680999999996,0.0,0.0,0.0,0.0,0.0,0.0,0.0
1523504618.0290363,2.2225414089343873,0.6343315677094179,127.34224252499999,36.34452164166666,54.8015,0.0,0.0,0.0,0.0,0.0,0.0,0.0,0.0,0.0,0,0,2,1,1.0261689999999999,1.1449,9.554281000000001,0.0,0.0,0.0,0.0,0.0,0.0,0.0
1523504619.0304,2.2225414086434996,0.6343312471215231,127.34224250833334,36.34450327333332,54.774,0.0,0.0,0.0,0.0,0.0,0.0,0.0,0.0,0.0,0,0,2,1,1.0261689999999999,1.1449,9.560464,0.0,0.0,0.0,0.0,0.0,0.0,0.0
1523504620.0285163,2.2225414123377796,0.6343309286280235,127.34224272,36.344485025,54.8269,0.0,0.0,0.0,0.0,0.0,0.0,0.0,0.0,0.0,0,0,2,1,1.0261689999999999,1.1449,9.566649,0.0,0.0,0.0,0.0,0.0,0.0,0.0
1523504621.0285912,2.222541410272473,0.634330620664677,127.34224260166664,36.34446738,54.785,0.0,0.0,0.0,0.0,0.0,0.0,0.0,0.0,0.0,0,0,2,1,1.028196,1.147041,9.572835999999999,0.0,0.0,0.0,0.0,0.0,0.0,0.0
1523504622.0291257,2.222541425834992,0.6343303077271422,127.3422434933333,36.34444945,54.8665,0.0,0.0,0.0,0.0,0.0,0.0,0.0,0.0,0.0,0,0,2,1,1.0302249999999997,1.147041,9.566649,0.0,0.0,0.0,0.0,0.0,0.0,0.0
1523504623.0293,2.2225414164393036,0.6343299936260542,127.34224295500002,36.34443145333332,54.8402,0.0,0.0,0.0,0.0,0.0,0.0,0.0,0.0,0.0,0,0,2,1,1.032256,1.147041,9.572835999999999,0.0,0.0,0.0,0.0,0.0,0.0,0.0
1523504624.0289316,2.2225414134140657,0.6343296723109391,127.34224278166666,36.344413043333326,54.8987,0.0,0.0,0.0,0.0,0.0,0.0,0.0,0.0,0.0,0,0,2,1,1.032256,1.147041,9.572835999999999,0.0,0.0,0.0,0.0,0.0,0.0,0.0
1523504625.0293255,2.2225412014147397,0.6343292410400809,127.342230635,36.34438833333333,54.6133,0.0,0.0,0.0,0.0,0.0,0.0,0.0,0.0,0.0,0,0,2,1,0.000169,0.00012099999999999999,0.0012959999999999998,0.0,0.0,0.0,0.0,0.0,0.0,0.0
1523504626.0288363,2.2225411786672815,0.6343288003153559,127.34222933166666,36.34436308166666,54.6155,0.0,0.0,0.0,0.0,0.0,0.0,0.0,0.0,0.0,0,0,2,1,0.000169,0.00012099999999999999,0.0013689999999999998,0.0,0.0,0.0,0.0,0.0,0.0,0.0
1523504627.029023,2.222541154552649,0.6343283442317337,127.34222795,36.34433695,54.6174,0.0,0.0,0.0,0.0,0.0,0.0,0.0,0.0,0.0,0,0,2,1,0.0001,6.4e-05,0.0007289999999999999,0.0,0.0,0.0,0.0,0.0,0.0,0.0
1523504628.0290713,2.2225411277036677,0.6343279135717408,127.34222641166669,36.344312275,54.6351,0.0,0.0,0.0,0.0,0.0,0.0,0.0,0.0,0.0,0,0,2,1,0.00012099999999999999,0.0001,0.001024,0.0,0.0,0.0,0.0,0.0,0.0,0.0
1523504629.029577,2.222541077961784,0.6343274740396574,127.34222356166669,36.34428709166666,54.7018,0.0,0.0,0.0,0.0,0.0,0.0,0.0,0.0,0.0,0,0,2,1,8.099999999999996e-05,8.099999999999996e-05,0.0007840000000000001,0.0,0.0,0.0,0.0,0.0,0.0,0.0
1523504630.0297422,2.2225409698095473,0.6343269862783092,127.34221736499998,36.344259145,54.6877,0.0,0.0,0.0,0.0,0.0,0.0,0.0,0.0,0.0,0,0,2,1,0.0001,0.0001,0.001024,0.0,0.0,0.0,0.0,0.0,0.0,0.0
1523504631.0304766,2.2225407274996702,0.634326458519832,127.34220348166669,36.34422890666666,54.6231,0.0,0.0,0.0,0.0,0.0,0.0,0.0,0.0,0.0,0,0,2,1,6.4e-05,6.4e-05,0.0006250000000000001,0.0,0.0,0.0,0.0,0.0,0.0,0.0
1523504632.0291522,2.2225403743904733,0.6343258863136367,127.34218325,36.344196121666656,54.6596,0.0,0.0,0.0,0.0,0.0,0.0,0.0,0.0,0.0,0,0,2,1,0.000169,8.099999999999996e-05,0.0009,0.0,0.0,0.0,0.0,0.0,0.0,0.0
1523504633.0292923,2.222539923135595,0.6343252348985824,127.34215739499999,36.34415879833333,54.6259,0.0,0.0,0.0,0.0,0.0,0.0,0.0,0.0,0.0,0,0,2,1,0.00019600000000000002,8.099999999999996e-05,0.001024,0.0,0.0,0.0,0.0,0.0,0.0,0.0
1523504634.0287836,2.2225393972969814,0.6343245388612768,127.34212726666671,36.344118918333336,54.6769,0.0,0.0,0.0,0.0,0.0,0.0,0.0,0.0,0.0,0,0,2,1,0.0016810000000000002,0.000169,0.004489000000000001,0.0,0.0,0.0,0.0,0.0,0.0,0.0
1523504635.0271018,2.222538800976153,0.6343238586192007,127.34209310000003,36.34407994333333,54.7188,0.0,0.0,0.0,0.0,0.0,0.0,0.0,0.0,0.0,0,0,2,1,0.000169,4.9000000000000005e-05,0.0007840000000000001,0.0,0.0,0.0,0.0,0.0,0.0,0.0
1523504636.0338778,2.222538104066183,0.6343232768718721,127.34205317000003,36.344046611666656,54.7101,0.0,0.0,0.0,0.0,0.0,0.0,0.0,0.0,0.0,0,0,2,1,0.0004,8.099999999999996e-05,0.0013689999999999998,0.0,0.0,0.0,0.0,0.0,0.0,0.0
1523504637.0335627,2.222537312588455,0.6343228250061288,127.34200782166664,36.34402072166666,54.8137,0.0,0.0,0.0,0.0,0.0,0.0,0.0,0.0,0.0,0,0,2,1,0.00028900000000000003,0.000225,0.0018489999999999997,0.0,0.0,0.0,0.0,0.0,0.0,0.0
1523504638.0296035,2.2225364364331717,0.6343225287364884,127.34195762166671,36.344003746666665,54.8035,0.0,0.0,0.0,0.0,0.0,0.0,0.0,0.0,0.0,0,0,2,1,0.000256,0.00019600000000000002,0.0016810000000000002,0.0,0.0,0.0,0.0,0.0,0.0,0.0
1523504639.0303543,2.2225355457625646,0.6343223986221929,127.34190659,36.34399629166668,54.8589,0.0,0.0,0.0,0.0,0.0,0.0,0.0,0.0,0.0,0,0,2,1,0.000256,0.00019600000000000002,0.0016810000000000002,0.0,0.0,0.0,0.0,0.0,0.0,0.0
1523504640.0291884,2.2225346867405955,0.634322414650133,127.34185737166666,36.34399721,54.8517,0.0,0.0,0.0,0.0,0.0,0.0,0.0,0.0,0.0,0,0,2,1,0.00028900000000000003,0.000225,0.0019359999999999998,0.0,0.0,0.0,0.0,0.0,0.0,0.0
1523504641.0291874,2.2225340101055338,0.6343224955170548,127.34181860333335,36.344001843333324,54.8424,0.0,0.0,0.0,0.0,0.0,0.0,0.0,0.0,0.0,0,0,2,1,0.00032399999999999985,0.000225,0.002209,0.0,0.0,0.0,0.0,0.0,0.0,0.0
1523504642.029587,2.2225335450334653,0.6343225570980887,127.34179195666665,36.34400537166666,54.8675,0.0,0.0,0.0,0.0,0.0,0.0,0.0,0.0,0.0,0,0,2,1,0.00028900000000000003,0.000225,0.0019359999999999998,0.0,0.0,0.0,0.0,0.0,0.0,0.0
1523504643.0283415,2.222533134095693,0.6343226207444287,127.34176841166666,36.344009018333324,54.858,0.0,0.0,0.0,0.0,0.0,0.0,0.0,0.0,0.0,0,0,2,1,0.00012099999999999999,0.000144,0.0016,0.0,0.0,0.0,0.0,0.0,0.0,0.0
1523504644.029098,2.2225327446836483,0.6343227200536631,127.3417461,36.344014708333326,54.8737,0.0,0.0,0.0,0.0,0.0,0.0,0.0,0.0,0.0,0,0,2,1,6.4e-05,0.0001,0.0013689999999999998,0.0,0.0,0.0,0.0,0.0,0.0,0.0
1523504645.0304086,2.2225324168235487,0.6343228572365426,127.34172731500001,36.34402256833334,54.8599,0.0,0.0,0.0,0.0,0.0,0.0,0.0,0.0,0.0,0,0,2,1,0.00032399999999999985,0.000361,0.003969,0.0,0.0,0.0,0.0,0.0,0.0,0.0
1523504646.0310154,2.222532140130684,0.634323084478411,127.34171146166666,36.34403558833333,54.7573,0.0,0.0,0.0,0.0,0.0,0.0,0.0,0.0,0.0,0,0,2,1,0.000169,0.00019600000000000002,0.0018489999999999997,0.0,0.0,0.0,0.0,0.0,0.0,0.0
1523504647.0303817,2.2225319026495507,0.6343234773811145,127.341697855,36.3440581,54.831,0.0,0.0,0.0,0.0,0.0,0.0,0.0,0.0,0.0,0,0,2,1,0.000225,0.00028900000000000003,0.002704,0.0,0.0,0.0,0.0,0.0,0.0,0.0
1523504648.028952,2.2225318108452323,0.634324073381965,127.34169259500001,36.34409224833332,54.8059,0.0,0.0,0.0,0.0,0.0,0.0,0.0,0.0,0.0,0,0,2,1,0.00019600000000000002,0.000225,0.002025,0.0,0.0,0.0,0.0,0.0,0.0,0.0
1523504649.0293183,2.222531870390049,0.6343248442648068,127.3416960066667,36.34413641666666,54.7355,0.0,0.0,0.0,0.0,0.0,0.0,0.0,0.0,0.0,0,0,2,1,0.000169,0.00019600000000000002,0.0016810000000000002,0.0,0.0,0.0,0.0,0.0,0.0,0.0
1523504650.027774,2.222531978367751,0.634325752795949,127.3417021933333,36.34418847166666,54.7097,0.0,0.0,0.0,0.0,0.0,0.0,0.0,0.0,0.0,0,0,2,1,0.000225,0.000169,0.0018489999999999997,0.0,0.0,0.0,0.0,0.0,0.0,0.0
1523504651.0281706,2.2225320786369167,0.6343267622943886,127.34170793833331,36.344246311666666,54.6551,0.0,0.0,0.0,0.0,0.0,0.0,0.0,0.0,0.0,0,0,2,1,0.0009,0.0006250000000000001,0.0077439999999999965,0.0,0.0,0.0,0.0,0.0,0.0,0.0
1523504652.027924,2.222532116859627,0.6343278346537696,127.34171012833332,36.344307753333325,54.6081,0.0,0.0,0.0,0.0,0.0,0.0,0.0,0.0,0.0,0,0,2,1,0.0007289999999999999,0.00048399999999999995,0.006084,0.0,0.0,0.0,0.0,0.0,0.0,0.0
1523504653.0283709,2.222532192432384,0.6343289996901342,127.34171445833331,36.344374505,54.6193,0.0,0.0,0.0,0.0,0.0,0.0,0.0,0.0,0.0,0,0,2,1,0.9006009999999999,0.7072809999999997,6.2250250000000005,0.0,0.0,0.0,0.0,0.0,0.0,0.0
1523504654.0274892,2.222532222335692,0.6343301664718283,127.34171617166666,36.34444135666668,54.6216,0.0,0.0,0.0,0.0,0.0,0.0,0.0,0.0,0.0,0,0,2,1,0.9006009999999999,0.7089639999999996,6.230016,0.0,0.0,0.0,0.0,0.0,0.0,0.0
1523504655.0277784,2.222532231818648,0.6343313416892798,127.34171671500002,36.34450869166666,54.5415,0.0,0.0,0.0,0.0,0.0,0.0,0.0,0.0,0.0,0,0,2,1,0.9006009999999999,0.7089639999999996,6.235009,0.0,0.0,0.0,0.0,0.0,0.0,0.0
1523504656.028083,2.2225322877273612,0.6343324549475434,127.34171991833334,36.34457247666668,55.4276,0.0,0.0,0.0,0.0,0.0,0.0,0.0,0.0,0.0,0,0,2,1,0.817216,1.0261689999999999,6.036848999999999,0.0,0.0,0.0,0.0,0.0,0.0,0.0
1523504657.0281327,2.2225323084386015,0.634333556599367,127.34172110499999,36.344635596666656,55.2986,0.0,0.0,0.0,0.0,0.0,0.0,0.0,0.0,0.0,0,0,2,1,1.6358409999999999,1.8686890000000005,11.471769,0.0,0.0,0.0,0.0,0.0,0.0,0.0
1523504658.0283618,2.2225323242629202,0.6343345458810759,127.34172201166666,36.344692278333326,55.2297,0.0,0.0,0.0,0.0,0.0,0.0,0.0,0.0,0.0,0,0,2,1,1.6384,1.8686890000000005,11.471769,0.0,0.0,0.0,0.0,0.0,0.0,0.0
1523504659.02719,2.22253235338083,0.634335346929025,127.34172368,36.344738175,55.1561,0.0,0.0,0.0,0.0,0.0,0.0,0.0,0.0,0.0,0,0,2,1,1.6384,1.8714240000000002,11.478544,0.0,0.0,0.0,0.0,0.0,0.0,0.0
1523504660.028004,2.222532376884597,0.6343359950570429,127.34172502666665,36.34477531,55.1701,0.0,0.0,0.0,0.0,0.0,0.0,0.0,0.0,0.0,0,0,2,1,1.6384,1.8714240000000002,11.485320999999999,0.0,0.0,0.0,0.0,0.0,0.0,0.0
1523504661.0319908,2.222532400882875,0.6343365362836438,127.34172640166669,36.34480632,55.15,0.0,0.0,0.0,0.0,0.0,0.0,0.0,0.0,0.0,0,0,2,1,1.6384,1.8714240000000002,11.485320999999999,0.0,0.0,0.0,0.0,0.0,0.0,0.0
1523504662.0320222,2.2225324238630426,0.6343369722087132,127.34172771833332,36.34483129666666,55.1447,0.0,0.0,0.0,0.0,0.0,0.0,0.0,0.0,0.0,0,0,2,1,1.640961,1.8714240000000002,11.4921,0.0,0.0,0.0,0.0,0.0,0.0,0.0
1523504663.0311885,2.2225324404436706,0.6343374280887136,127.34172866833332,36.34485741666665,55.1226,0.0,0.0,0.0,0.0,0.0,0.0,0.0,0.0,0.0,0,0,2,1,1.640961,1.8741610000000006,11.4921,0.0,0.0,0.0,0.0,0.0,0.0,0.0
1523504664.0280914,2.2225324327933103,0.6343380132103456,127.34172822999997,36.34489094166666,55.1306,0.0,0.0,0.0,0.0,0.0,0.0,0.0,0.0,0.0,0,0,2,1,1.640961,1.8741610000000006,11.498881,0.0,0.0,0.0,0.0,0.0,0.0,0.0
1523504665.0280995,2.222532398672124,0.6343387537244585,127.34172627499998,36.34493337,55.123,0.0,0.0,0.0,0.0,0.0,0.0,0.0,0.0,0.0,0,0,2,1,1.640961,1.8741610000000006,11.505664,0.0,0.0,0.0,0.0,0.0,0.0,0.0
1523504666.0285702,2.222532362689252,0.6343396388972773,127.3417242133333,36.344984086666656,55.0447,0.0,0.0,0.0,0.0,0.0,0.0,0.0,0.0,0.0,0,0,2,1,1.640961,1.8741610000000006,11.505664,0.0,0.0,0.0,0.0,0.0,0.0,0.0
1523504667.0273674,2.2225323381964652,0.6343406301279374,127.34172281,36.345040880000006,55.002,0.0,0.0,0.0,0.0,0.0,0.0,0.0,0.0,0.0,0,0,2,1,1.640961,1.8741610000000006,11.512448999999998,0.0,0.0,0.0,0.0,0.0,0.0,0.0
1523504668.0285976,2.22253229243975,0.6343417568543249,127.34172018833331,36.34510543666668,53.5211,0.0,0.0,0.0,0.0,0.0,0.0,0.0,0.0,0.0,0,0,2,1,0.779689,0.597529,5.331481000000001,0.0,0.0,0.0,0.0,0.0,0.0,0.0
1523504669.0279932,2.2225322513663355,0.6343427243194177,127.34171783500001,36.34516086833332,54.1514,0.0,0.0,0.0,0.0,0.0,0.0,0.0,0.0,0.0,0,0,2,1,0.000576,0.00048399999999999995,0.0043560000000000005,0.0,0.0,0.0,0.0,0.0,0.0,0.0
1523504670.027773,2.2225322591621395,0.6343437315489291,127.34171828166669,36.34521857833332,54.1439,0.0,0.0,0.0,0.0,0.0,0.0,0.0,0.0,0.0,0,0,2,1,0.000676,0.00048399999999999995,0.0046240000000000005,0.0,0.0,0.0,0.0,0.0,0.0,0.0
1523504671.0284715,2.22253225395524,0.6343447082933561,127.34171798333333,36.345274541666654,54.0926,0.0,0.0,0.0,0.0,0.0,0.0,0.0,0.0,0.0,0,0,2,1,0.0007289999999999999,0.00048399999999999995,0.0047610000000000005,0.0,0.0,0.0,0.0,0.0,0.0,0.0
1523504672.0286498,2.2225322196595205,0.6343456920191003,127.34171601833334,36.345330905,54.0558,0.0,0.0,0.0,0.0,0.0,0.0,0.0,0.0,0.0,0,0,2,1,0.000576,0.00048399999999999995,0.0042250000000000005,0.0,0.0,0.0,0.0,0.0,0.0,0.0
1523504673.028668,2.222532165612491,0.6343467163819274,127.34171292166664,36.34538959666668,54.0295,0.0,0.0,0.0,0.0,0.0,0.0,0.0,0.0,0.0,0,0,2,1,0.0006250000000000001,0.000529,0.0047610000000000005,0.0,0.0,0.0,0.0,0.0,0.0,0.0
1523504674.0282302,2.222532152609788,0.6343477776875565,127.34171217666665,36.345450404999994,54.0144,0.0,0.0,0.0,0.0,0.0,0.0,0.0,0.0,0.0,0,0,2,1,0.0006250000000000001,0.000529,0.0046240000000000005,0.0,0.0,0.0,0.0,0.0,0.0,0.0
1523504675.0283015,2.2225321892617025,0.6343488085953679,127.34171427666665,36.34550947166666,53.942,0.0,0.0,0.0,0.0,0.0,0.0,0.0,0.0,0.0,0,0,2,1,0.00012099999999999999,0.000256,0.002809,0.0,0.0,0.0,0.0,0.0,0.0,0.0
1523504676.0291867,2.2225322451995053,0.6343497967717018,127.34171748166666,36.345566090000005,53.9068,0.0,0.0,0.0,0.0,0.0,0.0,0.0,0.0,0.0,0,0,2,1,8.099999999999996e-05,0.00019600000000000002,0.002304,0.0,0.0,0.0,0.0,0.0,0.0,0.0
1523504677.0276978,2.2225323157108066,0.6343507039938469,127.34172152166664,36.34561807,53.9955,0.0,0.0,0.0,0.0,0.0,0.0,0.0,0.0,0.0,0,0,2,1,0.00032399999999999985,0.000576,0.005183999999999999,0.0,0.0,0.0,0.0,0.0,0.0,0.0
1523504678.0267231,2.222532387385661,0.6343515455916121,127.34172562833331,36.34566629,53.9362,0.0,0.0,0.0,0.0,0.0,0.0,0.0,0.0,0.0,0,0,2,1,0.0001,0.000225,0.002704,0.0,0.0,0.0,0.0,0.0,0.0,0.0
1523504679.027293,2.2225327613806316,0.634352171612126,127.34174705666668,36.34570215833333,54.537,0.0,0.0,0.0,0.0,0.0,0.0,0.0,0.0,0.0,0,0,2,1,4.272489000000001,4.137155999999999,35.748441,0.0,0.0,0.0,0.0,0.0,0.0,0.0
1523504680.0255985,2.222532885822608,0.6343526643767513,127.3417541866667,36.345730391666656,54.8207,0.0,0.0,0.0,0.0,0.0,0.0,0.0,0.0,0.0,0,0,2,1,4.072323999999999,4.3264000000000005,33.489368999999996,0.0,0.0,0.0,0.0,0.0,0.0,0.0
1523504681.0258896,2.2225331774671253,0.6343531083885131,127.34177089666667,36.34575583166666,54.8136,0.0,0.0,0.0,0.0,0.0,0.0,0.0,0.0,0.0,0,0,2,1,4.076361,4.330560999999999,33.512521,0.0,0.0,0.0,0.0,0.0,0.0,0.0
1523504682.0257578,2.2225336811109693,0.6343534611486437,127.3417997533333,36.34577604333332,55.0608,0.0,0.0,0.0,0.0,0.0,0.0,0.0,0.0,0.0,0,0,2,1,5.503716000000001,7.193124,39.828721,0.0,0.0,0.0,0.0,0.0,0.0,0.0
1523504683.024816,2.2225345548227935,0.6343537006950835,127.34184981333335,36.34578976833332,55.7292,0.0,0.0,0.0,0.0,0.0,0.0,0.0,0.0,0.0,0,0,2,1,2.6830439999999998,7.2360999999999995,45.5625,0.0,0.0,0.0,0.0,0.0,0.0,0.0
1523504684.0253613,2.2225355526566153,0.6343538055893716,127.341906985,36.345795778333326,55.7346,0.0,0.0,0.0,0.0,0.0,0.0,0.0,0.0,0.0,0,0,2,1,2.686321,7.246864000000001,45.643536000000005,0.0,0.0,0.0,0.0,0.0,0.0,0.0
1523504685.0255826,2.2225367217945036,0.6343538236826184,127.34197397166666,36.345796815,55.7169,0.0,0.0,0.0,0.0,0.0,0.0,0.0,0.0,0.0,0,0,2,1,2.6764959999999998,7.219968999999999,45.46804900000001,0.0,0.0,0.0,0.0,0.0,0.0,0.0
1523504686.0262682,2.2225378161159446,0.6343538745880547,127.34203667166666,36.34579973166666,54.2072,0.0,0.0,0.0,0.0,0.0,0.0,0.0,0.0,0.0,0,0,2,1,1.985281,7.518564,47.0596,0.0,0.0,0.0,0.0,0.0,0.0,0.0
1523504687.0246863,2.222539288126636,0.634353865483254,127.34212101166669,36.34579921,54.3586,0.0,0.0,0.0,0.0,0.0,0.0,0.0,0.0,0.0,0,0,2,1,1.9460250000000001,7.376656000000001,46.172025,0.0,0.0,0.0,0.0,0.0,0.0,0.0
1523504688.0297093,2.2225409104101757,0.6343538697011332,127.34221396166669,36.34579945166668,54.3956,0.0,0.0,0.0,0.0,0.0,0.0,0.0,0.0,0.0,0,0,2,1,1.918225,7.263024999999999,45.441081,0.0,0.0,0.0,0.0,0.0,0.0,0.0
1523504689.027383,2.222542648845377,0.634353851346087,127.34231356666665,36.3457984,54.888,0.0,0.0,0.0,0.0,0.0,0.0,0.0,0.0,0.0,0,0,2,1,1.890625,7.160976000000001,44.796248999999996,0.0,0.0,0.0,0.0,0.0,0.0,0.0
1523504690.0254815,2.2225443651730745,0.6343537814165617,127.34241190499999,36.34579439333334,57.568,0.0,0.0,0.0,0.0,0.0,0.0,0.0,0.0,0.0,0,0,2,1,1.9265439999999998,7.300803999999999,45.670564,0.0,0.0,0.0,0.0,0.0,0.0,0.0
1523504691.0249577,2.2225460561934973,0.6343539343074042,127.3425087933333,36.345803153333335,51.0565,0.0,0.0,0.0,0.0,0.0,0.0,0.0,0.0,0.0,0,0,2,1,1.836025,17.264025000000004,278.422596,0.0,0.0,0.0,0.0,0.0,0.0,0.0
1523504692.0247774,2.22254735844183,0.6343539782315235,127.34258340666665,36.34580567,49.9076,0.0,0.0,0.0,0.0,0.0,0.0,0.0,0.0,0.0,0,0,2,1,1.5475360000000005,2.8628639999999996,27.793984000000002,0.0,0.0,0.0,0.0,0.0,0.0,0.0
1523504693.0245416,2.2225484403423454,0.6343538863399384,127.34264539500002,36.34580040499999,52.6764,0.0,0.0,0.0,0.0,0.0,0.0,0.0,0.0,0.0,0,0,2,1,1.8063360000000002,17.015625,274.53176099999996,0.0,0.0,0.0,0.0,0.0,0.0,0.0
1523504694.0242987,2.2225494948411897,0.6343538644069675,127.3427058133333,36.34579914833333,53.0982,0.0,0.0,0.0,0.0,0.0,0.0,0.0,0.0,0.0,0,0,2,1,1.792921,16.908544,272.943441,0.0,0.0,0.0,0.0,0.0,0.0,0.0
1523504695.025119,2.222550665200809,0.6343538560293872,127.34277287,36.34579866833334,53.3226,0.0,0.0,0.0,0.0,0.0,0.0,0.0,0.0,0.0,0,0,2,1,1.782225,16.818201,271.5904,0.0,0.0,0.0,0.0,0.0,0.0,0.0
1523504696.0249677,2.222551988393093,0.6343538459937438,127.34284868333334,36.34579809333332,53.6491,0.0,0.0,0.0,0.0,0.0,0.0,0.0,0.0,0.0,0,0,2,1,1.771561,16.736281,270.240721,0.0,0.0,0.0,0.0,0.0,0.0,0.0
1523504697.024521,2.2225534113891205,0.6343538295876491,127.34293021500001,36.345797153333336,53.9677,0.0,0.0,0.0,0.0,0.0,0.0,0.0,0.0,0.0,0,0,2,1,1.760929,16.654561000000005,269.124025,0.0,0.0,0.0,0.0,0.0,0.0,0.0
1523504698.0248103,2.222554797384168,0.6343538064329475,127.34300962666666,36.34579582666666,54.2392,0.0,0.0,0.0,0.0,0.0,0.0,0.0,0.0,0.0,0,0,2,1,1.755625,16.597476,268.27164100000005,0.0,0.0,0.0,0.0,0.0,0.0,0.0
1523504699.0245795,2.2225560752269806,0.6343537851981084,127.34308284166669,36.34579461,54.5725,0.0,0.0,0.0,0.0,0.0,0.0,0.0,0.0,0.0,0,0,2,1,1.7476840000000002,16.548623999999997,267.51873600000005,0.0,0.0,0.0,0.0,0.0,0.0,0.0
1523504700.0242488,2.2225572799404962,0.6343537576800836,127.34315186666664,36.34579303333332,54.6711,0.0,0.0,0.0,0.0,0.0,0.0,0.0,0.0,0.0,0,0,2,1,1.7424000000000002,16.507969,267.02828100000005,0.0,0.0,0.0,0.0,0.0,0.0,0.0
1523504701.0240834,2.222558593649824,0.6343537375215308,127.34322713666667,36.34579187833332,54.739,0.0,0.0,0.0,0.0,0.0,0.0,0.0,0.0,0.0,0,0,2,1,1.739761,16.499844000000003,266.9629209999998,0.0,0.0,0.0,0.0,0.0,0.0,0.0
1523504702.0244942,2.2225600490798882,0.6343537247224498,127.3433105266667,36.345791145,54.6659,0.0,0.0,0.0,0.0,0.0,0.0,0.0,0.0,0.0,0,0,2,1,1.8604960000000004,14.7456,286.62489999999997,0.0,0.0,0.0,0.0,0.0,0.0,0.0
1523504703.0243971,2.2225616155128916,0.6343537124469674,127.34340027666667,36.345790441666665,54.556,0.0,0.0,0.0,0.0,0.0,0.0,0.0,0.0,0.0,0,0,2,1,1.8686890000000005,14.822500000000002,288.28644099999997,0.0,0.0,0.0,0.0,0.0,0.0,0.0
1523504704.0251863,2.2225632702595557,0.6343537844999767,127.3434950866667,36.34579457,52.2259,0.0,0.0,0.0,0.0,0.0,0.0,0.0,0.0,0.0,0,0,2,1,1.5850809999999997,5.1030809999999995,116.51043600000001,0.0,0.0,0.0,0.0,0.0,0.0,0.0
1523504705.024741,2.22256492867141,0.6343537685883915,127.34359010666665,36.34579365833333,52.5637,0.0,0.0,0.0,0.0,0.0,0.0,0.0,0.0,0.0,0,0,2,1,1.5006250000000003,4.818025,128.187684,0.0,0.0,0.0,0.0,0.0,0.0,0.0
1523504706.024571,2.2225666215826076,0.6343537711191188,127.34368710333335,36.34579380333332,52.686,0.0,0.0,0.0,0.0,0.0,0.0,0.0,0.0,0.0,0,0,2,1,1.5006250000000003,4.813636,128.1424,0.0,0.0,0.0,0.0,0.0,0.0,0.0
1523504707.0254018,2.222568353705535,0.6343539127816766,127.3437863466667,36.34580192,48.7912,0.0,0.0,0.0,0.0,0.0,0.0,0.0,0.0,0.0,0,0,2,1,1.4908410000000003,2.493241,29.844369,0.0,0.0,0.0,0.0,0.0,0.0,0.0
1523504708.0261996,2.222569998940154,0.63435393416196,127.34388061166669,36.345803145,48.7843,0.0,0.0,0.0,0.0,0.0,0.0,0.0,0.0,0.0,0,0,2,1,1.4665210000000002,2.455489,29.365560999999996,0.0,0.0,0.0,0.0,0.0,0.0,0.0
1523504709.024633,2.2225715791030805,0.6343539531569599,127.34397114833331,36.345804233333325,48.8671,0.0,0.0,0.0,0.0,0.0,0.0,0.0,0.0,0.0,0,0,2,1,1.4544359999999998,2.4336,29.116816,0.0,0.0,0.0,0.0,0.0,0.0,0.0
1523504710.0249066,2.222572940372631,0.6343539441685142,127.34404914333332,36.34580371833332,49.0767,0.0,0.0,0.0,0.0,0.0,0.0,0.0,0.0,0.0,0,0,2,1,1.4424010000000003,2.4149160000000003,28.869129,0.0,0.0,0.0,0.0,0.0,0.0,0.0
1523504711.0248678,2.222573930585182,0.6343538414849769,127.34410587833331,36.345797835000006,49.1192,0.0,0.0,0.0,0.0,0.0,0.0,0.0,0.0,0.0,0,0,2,1,1.5376000000000005,2.849344,27.5625,0.0,0.0,0.0,0.0,0.0,0.0,0.0
1523504712.0247257,2.2225746870690575,0.6343535768057956,127.34414922166667,36.34578267,49.5607,0.0,0.0,0.0,0.0,0.0,0.0,0.0,0.0,0.0,0,0,2,1,1.522756,2.8223999999999996,27.279729,0.0,0.0,0.0,0.0,0.0,0.0,0.0
1523504713.0236073,2.222575322601616,0.6343531069922498,127.34418563500002,36.345755751666665,47.958,0.0,0.0,0.0,0.0,0.0,0.0,0.0,0.0,0.0,0,0,2,1,1.787569,10.956100000000001,51.5524,0.0,0.0,0.0,0.0,0.0,0.0,0.0
1523504714.0281956,2.2225757564322906,0.6343524301826545,127.34421049166669,36.345716973333325,48.645,0.0,0.0,0.0,0.0,0.0,0.0,0.0,0.0,0.0,0,0,2,1,1.755625,10.771524,50.680161,0.0,0.0,0.0,0.0,0.0,0.0,0.0
1523504715.026143,2.222575959355905,0.6343515602232892,127.34422211833333,36.34566712833334,49.6718,0.0,0.0,0.0,0.0,0.0,0.0,0.0,0.0,0.0,0,0,2,1,1.731856,10.6276,49.999041,0.0,0.0,0.0,0.0,0.0,0.0,0.0
1523504716.025024,2.222576013519289,0.6343505553499721,127.34422522166666,36.345609553333325,50.5091,0.0,0.0,0.0,0.0,0.0,0.0,0.0,0.0,0.0,0,0,2,1,1.7134809999999998,10.517049,49.449024,0.0,0.0,0.0,0.0,0.0,0.0,0.0
1523504717.0244074,2.2225759966186835,0.6343494397936918,127.3442242533333,36.34554563666666,51.295,0.0,0.0,0.0,0.0,0.0,0.0,0.0,0.0,0.0,0,0,2,1,1.6952040000000002,10.400625,48.874081,0.0,0.0,0.0,0.0,0.0,0.0,0.0
1523504718.0249178,2.222575989346479,0.6343482595438741,127.34422383666667,36.34547801333333,52.0307,0.0,0.0,0.0,0.0,0.0,0.0,0.0,0.0,0.0,0,0,2,1,1.679616,10.3041,48.42768099999999,0.0,0.0,0.0,0.0,0.0,0.0,0.0
1523504719.0249581,2.222575981550675,0.6343471357554576,127.34422339,36.345413625,52.6011,0.0,0.0,0.0,0.0,0.0,0.0,0.0,0.0,0.0,0,0,2,1,1.7503289999999998,6.630625000000001,41.229241,0.0,0.0,0.0,0.0,0.0,0.0,0.0
1523504720.024978,2.2225759793399242,0.6343460593236415,127.34422326333332,36.34535195,52.9867,0.0,0.0,0.0,0.0,0.0,0.0,0.0,0.0,0.0,0,0,2,1,1.7450409999999998,6.604899999999999,41.075281,0.0,0.0,0.0,0.0,0.0,0.0,0.0
1523504721.0249884,2.222575981899741,0.6343449287284407,127.34422341,36.34528717166666,53.5877,0.0,0.0,0.0,0.0,0.0,0.0,0.0,0.0,0.0,0,0,2,1,1.7371240000000001,6.579225,40.896024999999995,0.0,0.0,0.0,0.0,0.0,0.0,0.0
1523504722.0249584,2.222575965464557,0.6343437086851161,127.34422246833334,36.345217268333336,54.1149,0.0,0.0,0.0,0.0,0.0,0.0,0.0,0.0,0.0,0,0,2,1,1.731856,6.558720999999999,40.780996,0.0,0.0,0.0,0.0,0.0,0.0,0.0
1523504723.0254633,2.2225759406517933,0.6343424410524803,127.3442210466667,36.34514463833333,54.6137,0.0,0.0,0.0,0.0,0.0,0.0,0.0,0.0,0.0,0,0,2,1,1.731856,6.558720999999999,40.755456,0.0,0.0,0.0,0.0,0.0,0.0,0.0
