Time_us,x,y,z,roll,pitch,yaw,V_x,V_y,V_z,Gyro_x,Gyro_y,Gyro_z
1000433,-0.01388527,0.01374902,-1.200551,-0.00402351,-0.004671881,0.006353582,0.005709843,-0.002238966,-2.040973,0.0106178,0.007941612,0.0002046971
1100393,-0.01141654,0.01174052,-1.409679,-0.00314025,-0.003800047,0.006332835,0.007315193,-0.001555931,-2.063986,0.007868001,0.009318909,0.0003542345
1200353,-0.008738632,0.009591269,-1.622239,-0.002725105,-0.003095108,0.006322768,0.0107404,-0.004141061,-2.073344,0.003377137,0.006355192,0.0003710633
1300313,-0.006181291,0.007439922,-1.836317,-0.002414355,-0.002513096,0.00631165,0.009881189,-0.00542695,-2.067931,0.004255047,0.005670166,0.000501106
1400273,-0.003465622,0.005123357,-2.049815,-0.001999845,-0.002238821,0.006305728,0.006822498,-0.00684403,-2.039293,0.004488396,0.001302323,0.0004919121
1500233,-0.0008173487,0.00314608,-2.260647,-0.001646601,-0.002237916,0.006311818,0.009355678,-0.001790892,-2.004103,0.003352155,0.001440846,0.0006511759
1600193,0.00210306,0.0008445934,-2.46787,-0.001712349,-0.001938911,0.006321683,0.009828649,-0.00369108,-1.95386,-0.00158303,0.003635678,0.0005966067
1700153,0.004714038,-0.001534451,-2.670103,-0.001678681,-0.001537173,0.006317722,0.007135817,-0.004573431,-1.895145,0.002399133,0.004347359,0.0005531046
1800113,0.007920546,-0.004202109,-2.866609,-0.001313078,-0.001341251,0.006308449,0.007972011,-0.004877657,-1.830034,0.005241354,0.002184472,0.0006456443
1900073,0.01088963,-0.006580402,-3.055931,-0.0008052047,-0.001074481,6.28141,0.005885333,-0.003750591,-1.752785,0.005550963,0.003289767,0.0004771448
2000033,0.01406018,-0.009107945,-3.237541,-0.0004578652,-0.0007971732,6.28148,0.003974065,-0.003169757,-1.669623,0.002782613,0.003057136,0.0002072692
2099993,0.01675105,-0.0113378,-3.408383,-0.0002604898,-0.000610953,6.281496,0.003447164,-0.001137078,-1.570964,0.002735931,0.001254611,-4.048907e-05
2199953,0.0198115,-0.01342486,-3.570127,-9.988378e-05,-0.001285688,6.281503,0.001263563,0.001934544,-1.456396,0.0007700699,-0.0134893,0.0002836408
2299913,0.02251606,-0.0150397,-3.719999,-0.0001156876,-0.004492437,6.281508,0.002041825,0.002918661,-1.340132,0.0001916873,-0.04333197,0.0005240613
2399873,0.02569371,-0.01660577,-3.858264,-8.492947e-05,-0.01097654,6.281491,0.004875129,0.004672153,-1.220569,0.0008894452,-0.07716356,0.0005200158
2499833,0.02918844,-0.01775719,-3.983814,-1.178738e-05,-0.02076614,6.281476,0.01772066,0.007358781,-1.099679,0.001229912,-0.1084874,0.0007873636
2599793,0.03478962,-0.0191655,-4.097302,-0.0001142363,-0.03306666,6.281458,0.04115811,0.01000613,-0.9786497,-0.001260248,-0.1292571,0.0009435422
2699753,0.04280739,-0.02029284,-4.198377,-0.0002027953,-0.04631445,6.281433,0.07195568,0.01227753,-0.8679082,0.0003415034,-0.1319486,0.0008844296
2799713,0.05421538,-0.02173992,-4.288757,-0.0002504484,-0.05876568,6.281404,0.113457,0.01052208,-0.7643377,0.001189768,-0.1190502,0.001266665
2899673,0.069643,-0.02321956,-4.368567,0.0001172779,-0.06950022,6.281353,0.1597069,0.008401769,-0.6757268,0.006515762,-0.100556,0.001364782
3000466,0.08957097,-0.0247626,-4.440053,0.0007048943,-0.0788309,6.281301,0.213472,0.01002753,-0.5920518,0.00494709,-0.08802495,0.00167251
3100426,0.1143361,-0.02612156,-4.502099,0.001107795,-0.08693442,6.281232,0.2708789,0.009483055,-0.5203377,0.005256067,-0.07823409,0.002005867
3200386,0.1446125,-0.02771379,-4.556986,0.001524219,-0.0943028,6.281152,0.3319629,0.009500148,-0.4562438,0.005268057,-0.0711794,0.002631684
3300346,0.180692,-0.02911845,-4.60501,0.002015164,-0.1012975,6.281067,0.394457,0.01026003,-0.3999768,0.006244586,-0.06965982,0.003266529
3400306,0.2225275,-0.030433,-4.647371,0.002369908,-0.1082357,6.281008,0.4614598,0.01084826,-0.3527128,0.002553022,-0.06825618,0.00362582
3500266,0.2707677,-0.03147424,-4.684508,0.002546551,-0.1146307,6.280981,0.5311589,0.01335505,-0.31275,0.002792024,-0.0613066,0.004364819
3600226,0.3259241,-0.0329988,-4.717296,0.002614731,-0.1198867,6.280928,0.6010614,0.01277021,-0.2768364,0.001335905,-0.04779201,0.004393587
3700186,0.3880229,-0.03448962,-4.746187,0.002728057,-0.1240011,6.28084,0.6710842,0.01169965,-0.2454392,0.003521606,-0.03821897,0.004546107
3800146,0.4570105,-0.03628437,-4.771782,0.003020383,-0.1272473,6.280843,0.7427393,0.01178721,-0.2190585,0.005143336,-0.02932674,0.004855607
3900106,0.5327824,-0.0378035,-4.794441,0.003444858,-0.1299483,6.280902,0.8087825,0.0122145,-0.1971406,0.005445845,-0.02734057,0.005201364
4000066,0.6153098,-0.03930262,-4.8146,0.003780752,-0.1326196,6.281018,0.8757533,0.01432412,-0.1758244,0.003380432,-0.02623365,0.004622814
4100026,0.7044449,-0.04027781,-4.83252,0.003892371,-0.1352983,6.281108,0.9389943,0.01428121,-0.1577152,0.001791728,-0.02727519,0.004130257
4199986,0.7984486,-0.04129752,-4.848249,0.003993881,-0.1380915,6.28119,1.001336,0.0150571,-0.1415582,0.001935093,-0.02912382,0.003508789
4299946,0.8996617,-0.04188816,-4.862479,0.004350985,-0.1410986,6.282137,1.061609,0.01533755,-0.1266106,0.007854969,-0.03078348,0.02531195
4399906,1.007467,-0.04164127,-4.874991,0.004307381,-0.1446686,0.003922818,1.123656,0.01801201,-0.1157633,0.00511435,-0.0373305,0.06051323
4499866,1.121631,-0.04066304,-4.88607,0.003478066,-0.1490323,0.009875235,1.182866,0.01986559,-0.1050235,-0.001877985,-0.0469465,0.05413673
4599826,1.24224,-0.03909861,-4.896091,0.002376522,-0.1544745,0.01391176,1.244514,0.02389198,-0.0981476,-0.006687481,-0.05766835,0.03167406
4699786,1.369525,-0.03688159,-4.904912,0.001073872,-0.1606094,0.01618511,1.310462,0.02616589,-0.0883764,-0.01146621,-0.06226331,0.01858328
4799746,1.504379,-0.03448956,-4.912713,-0.0002201207,-0.1668399,0.0176831,1.375435,0.02874038,-0.08167835,-0.009669853,-0.06088014,0.01259173
4899706,1.646136,-0.03173512,-4.919758,-0.001388877,-0.172794,0.01873714,1.443875,0.02966006,-0.07410207,-0.009744818,-0.05730068,0.01017197
4999666,1.795423,-0.02853746,-4.926007,-0.002342329,-0.1777304,0.01955404,1.514515,0.02654994,-0.06880313,-0.006745927,-0.04450402,0.004871767
5100459,1.953534,-0.02537153,-4.931652,-0.002775928,-0.1811644,0.01940746,1.586699,0.02495731,-0.06230536,-0.002706581,-0.02829911,-0.00800461
5200419,2.116873,-0.02212921,-4.936509,-0.002718642,-0.1832441,0.0181973,1.655378,0.02418586,-0.05701214,-0.001769128,-0.01716642,-0.01657184
5300379,2.286619,-0.01891502,-4.940928,-0.00258233,-0.1846104,0.0167109,1.720025,0.02430373,-0.05523273,-0.002103089,-0.01262995,-0.01754622
5400339,2.463229,-0.0159033,-4.944815,-0.002595898,-0.1859591,0.01543852,1.782688,0.02307279,-0.04847797,-0.003237606,-0.01394349,-0.01321358
5500299,2.646108,-0.01300321,-4.948317,-0.002622488,-0.1873458,0.01449912,1.842227,0.02229027,-0.0476671,-0.00193158,-0.01297754,-0.01017526
5600259,2.835297,-0.01024565,-4.951524,-0.002608804,-0.1887014,0.01371761,1.901592,0.02119068,-0.04486415,-0.001053993,-0.01260757,-0.009416965
5700219,3.029997,-0.007477552,-4.954416,-0.002522176,-0.1899128,0.01292453,1.954543,0.02240891,-0.04404727,-0.0008278876,-0.01149003,-0.009339487
5800179,3.230812,-0.004444327,-4.956794,-0.002547306,-0.1913631,0.01232935,2.008006,0.01983456,-0.03704861,-0.001325006,-0.01506457,-0.008376739
5900139,3.436917,-0.001311751,-4.959024,-0.002496843,-0.1926866,0.01166618,2.056865,0.02207323,-0.03856511,-0.001811714,-0.01207272,-0.009970983
6000099,3.648769,0.001922547,-4.960895,-0.002682748,-0.1938532,0.01114933,2.107367,0.02105531,-0.03522321,-0.003863019,-0.009828974,-0.006389983
6100059,3.865402,0.004924844,-4.962809,-0.002868195,-0.1947736,0.01079399,2.155877,0.01923005,-0.03514064,-0.002546777,-0.006723204,-0.006218128
6200019,4.087424,0.007753961,-4.964369,-0.002909306,-0.195524,0.0103212,2.201242,0.02094018,-0.0330889,-0.002495731,-0.007242221,-0.006266283
6299979,4.311365,0.01044766,-4.965952,-0.003157066,-0.1962163,0.009990511,2.242415,0.02054187,-0.03429441,-0.003467711,-0.007269823,-0.004104606
6399939,4.542485,0.01321245,-4.967391,-0.003355351,-0.1970285,0.009766262,2.284901,0.01746109,-0.03335313,-0.00208754,-0.007457037,-0.004526359
6499899,4.777327,0.01581741,-4.968684,-0.003343129,-0.1977205,0.009303438,2.323591,0.01661478,-0.03031109,-0.0003178615,-0.006540493,-0.007916068
6599859,5.017053,0.01826125,-4.969625,-0.003168955,-0.1984017,0.008561736,2.360418,0.01610023,-0.02879309,0.0005042866,-0.006094523,-0.009992914
6699819,5.260126,0.02055784,-4.970333,-0.002999367,-0.1990557,0.0077922,2.398098,0.01472191,-0.02632695,9.221607e-05,-0.005716414,-0.009408662
6799779,5.507673,0.02249411,-4.970827,-0.00282145,-0.1995394,0.007106751,2.431884,0.01302206,-0.02745257,0.0002717304,-0.004482982,-0.008217088
6899739,5.758144,0.02414911,-4.971459,-0.002585245,-0.1998957,0.006480145,2.465268,0.01075977,-0.02768563,0.001099303,-0.003085419,-0.007658342
6999699,6.012571,0.02616149,-4.971837,-0.002285349,-0.2002226,0.005874903,2.497559,0.01325165,-0.02476067,0.0005740038,-0.002354957,-0.007540246
7099659,6.269563,0.02823012,-4.972259,-0.002320602,-0.2004287,0.005557615,2.528272,0.01094807,-0.02657932,-0.002698259,-0.001141853,-0.00437782
7200452,6.532409,0.03006306,-4.972548,-0.002419243,-0.2005939,0.005338225,2.555542,0.008651192,-0.02318406,-0.001670136,-0.000859516,-0.004879391
7300412,6.794666,0.03150116,-4.972717,-0.00226489,-0.2009311,0.004818132,2.58102,0.006986684,-0.02373848,0.0006717246,-0.003541031,-0.008701385
7400372,7.060377,0.03285689,-4.972793,-0.001928521,-0.2014409,0.004031357,2.606141,0.006669389,-0.02228468,0.001398865,-0.004677035,-0.009786742
7500332,7.328033,0.03401676,-4.97297,-0.00167079,-0.2014344,0.003366131,2.629836,0.004480382,-0.02528526,0.0008718938,0.004128638,-0.007584245
7600292,7.598586,0.03493131,-4.973171,-0.001477573,-0.2005092,0.002884145,2.652833,0.004341287,-0.02379893,-3.752613e-05,0.01290308,-0.005974692
7700252,7.870673,0.03564972,-4.973465,-0.00138441,-0.1991123,0.002527972,2.67316,0.002400855,-0.02520384,-0.0004787215,0.01524666,-0.005147873
7800212,8.14546,0.03609084,-4.973735,-0.001272355,-0.1977662,0.002183663,2.692031,0.001511887,-0.02529632,6.744836e-05,0.01357402,-0.005370287
7900172,8.421446,0.0362567,-4.974154,-0.0009952583,-0.196715,0.001755438,2.708808,-0.0006957324,-0.02691713,0.002246359,0.01006507,-0.006772145
8000132,8.699507,0.03613173,-4.974447,-0.0006001468,-0.1960308,0.00116353,2.72147,-0.001628167,-0.02516302,0.002777976,0.005517226,-0.008323973
8100092,8.97806,0.0361018,-4.974731,-0.0001994795,-0.1958497,0.0005764156,2.733572,0.0008883785,-0.02413187,0.001962398,0.0003207307,-0.0066474
8200052,9.258145,0.03606784,-4.97489,-9.140967e-05,-0.1960419,0.000378355,2.74581,0.001728136,-0.02436252,8.586503e-05,-0.002201266,-0.002812542
8300012,9.538819,0.036266,-4.975148,-0.0002554893,-0.196136,0.0005951549,2.758493,0.002200369,-0.02346138,-0.002827373,0.0006953151,0.001491732
8399972,9.818112,0.03615636,-4.975275,-0.0004299813,-0.1961425,0.001028738,2.767937,-0.0001001388,-0.02451678,-0.0001830527,-0.0001539493,0.001144808
8499932,10.10043,0.03589545,-4.975511,-0.0003614197,-0.196249,0.0011286,2.778388,-0.0006157955,-0.02258913,0.001239262,-0.001010735,-0.003369436
8599892,10.3849,0.03559091,-4.975512,-7.139073e-05,-0.1963338,0.0008593427,2.788877,-0.0007521087,-0.02411712,0.002323175,0.0004096084,-0.006089936
8699852,10.66999,0.03536685,-4.975693,0.0001622067,-0.1962397,0.0005472138,2.798668,0.0007772832,-0.02279021,0.001443981,0.002236783,-0.004919688
8799812,10.95637,0.03501835,-4.975776,0.0003614516,-0.1960987,0.0003883255,2.807935,-0.0005181863,-0.02276884,0.002454144,0.001264472,-0.003776275
8899772,11.24294,0.03480852,-4.975863,0.0005703135,-0.1960072,0.0002744379,2.81655,0.0009427588,-0.02364807,0.000900808,0.001599374,-0.002933908
8999732,11.53146,0.03448949,-4.976017,0.0006425729,-0.1959266,0.0003311236,2.825827,-0.0002396212,-0.02269579,0.001012496,0.001533919,-0.001789989
9099692,11.82021,0.03407148,-4.976125,0.0008186389,-0.1958137,0.0003323944,2.832172,-0.002553595,-0.02140184,0.002213459,0.001624826,-0.003342628
9199652,12.11029,0.03381528,-4.976038,0.001073853,-0.1958084,0.0001415498,2.842279,0.0003708088,-0.02201105,0.0005597712,0.0004795355,-0.003984533
9300445,12.40333,0.03371155,-4.976078,0.001097713,-0.1956716,0.0001244662,2.847807,0.003090463,-0.02035819,-0.0005372785,0.001992379,-0.001430725
9400405,12.6953,0.03380657,-4.976189,0.000952859,-0.1955828,0.0004247003,2.855903,0.002568855,-0.0235486,-0.001799673,0.001289093,0.001771775
9500365,12.9873,0.03384212,-4.97651,0.0007353922,-0.1955068,0.0008780867,2.862321,0.001298798,-0.02205402,-0.0008898185,0.0007406512,0.001861341
9600325,13.28039,0.03384218,-4.976853,0.0007409276,-0.1954647,0.0010785,2.867497,0.002678704,-0.02329945,4.757813e-05,0.001199971,-0.001426523
9700285,13.57308,0.03400156,-4.977237,0.0007152216,-0.1954821,0.001149787,2.870927,0.003573432,-0.02171418,-0.0007336465,0.0001468895,-0.001303252
9800245,13.86682,0.03390418,-4.977398,0.0007418807,-0.1957357,0.00126389,2.876464,0.000811602,-0.02051914,0.000804715,-0.002702371,-0.001808063
9900205,14.16059,0.03365611,-4.977813,0.001075706,-0.1958427,0.001164729,2.883809,0.001245531,-0.02245278,0.00349458,0.001125421,-0.005027517
10000165,14.45569,0.03351233,-4.978163,0.001344204,-0.1956666,0.0009268103,2.888641,0.002676673,-0.02091637,0.001072024,0.002909727,-0.004508025
10100125,14.7506,0.03342139,-4.978446,0.001429999,-0.1955456,0.0008573435,2.89419,0.001233506,-0.02136127,0.0001826467,0.00131805,-0.002303271
10200085,15.04612,0.03319637,-4.978623,0.001490671,-0.1954257,0.0009158439,2.901618,0.0008058606,-0.02001242,0.0003790972,0.002371951,-0.001907398
10300045,15.34134,0.03294886,-4.978855,0.001663257,-0.1951589,0.0009041301,2.906067,0.001961958,-0.01839503,0.001623763,0.002809062,-0.003468565
10400005,15.63733,0.03280455,-4.978981,0.001810533,-0.1950632,0.0008404101,2.907109,0.002784518,-0.01996691,0.0003101601,-0.0005094466,-0.002684975
10499965,15.93005,0.03279341,-4.97918,0.001797181,-0.1952548,0.0009207252,2.910425,0.003155262,-0.01958843,-0.0009541632,-0.002309392,-0.0005054214
10599925,16.22666,0.03221001,-4.979389,0.001803515,-0.1954246,0.001233787,2.914565,0.004870517,-0.0199828,0.0001154109,-0.0006649331,0.0001533936
10699885,16.523,0.03159995,-4.979683,0.001801784,-0.1954627,0.001627264,2.916663,0.005258068,-0.02089082,-0.0003089376,0.0006726275,-0.000358435
10799845,16.81961,0.03082112,-4.97981,0.001690046,-0.1955911,0.001994233,2.919219,0.005067308,-0.01796669,-0.001055014,-0.001967211,-0.000588958
10899805,17.11568,0.03005478,-4.979936,0.001694192,-0.1958466,0.002245374,2.921134,0.005426989,-0.02012198,0.0006741219,-0.002321558,-0.002081725
10999765,17.41273,0.0291045,-4.980029,0.001831062,-0.1959943,0.002302729,2.925186,0.004526242,-0.01800905,0.001494169,0.0001790996,-0.003546858
11099725,17.70949,0.02822723,-4.980189,0.002170735,-0.1960015,0.002185216,2.927644,0.00490462,-0.01969147,0.003968529,0.0007755826,-0.004655022
11199685,18.00713,0.02739732,-4.980307,0.002422231,-0.1960139,0.002055945,2.934309,0.00382749,-0.01876908,0.0008321358,0.0009782573,-0.003397557
11300478,18.30767,0.02650526,-4.98048,0.002670556,-0.1956748,0.00200384,2.936945,0.002083616,-0.01925891,0.003342531,0.004379408,-0.003584314
11400438,18.60561,0.02545912,-4.980553,0.003180083,-0.1954845,0.001776092,2.939346,0.002841528,-0.01758744,0.004438506,0.0007023627,-0.005403474
11500398,18.90315,0.02477038,-4.980717,0.003580004,-0.1954478,0.001518666,2.94171,0.005348608,-0.01985266,0.002058798,-0.0002130827,-0.003963225
11600358,19.2011,0.02420442,-4.980816,0.003577476,-0.1953954,0.001617771,2.944118,0.007025273,-0.01851566,-0.0002432645,0.001377785,8.310721e-05
11700318,19.49856,0.02383682,-4.980957,0.003425069,-0.1954014,0.002026324,2.9446,0.007850131,-0.01979285,-0.0007868969,1.654366e-05,0.00180402
11800278,19.7968,0.0235326,-4.980953,0.003351065,-0.195623,0.002440492,2.944861,0.009421779,-0.0167855,-0.0007295301,-0.003209499,0.001751435
11900238,20.09479,0.02371845,-4.980898,0.003192444,-0.1959634,0.002853858,2.945702,0.0135184,-0.0179695,-0.001953362,-0.003172101,0.002313487
12000198,20.39331,0.02418758,-4.980721,0.002759701,-0.1962212,0.003546131,2.947927,0.01691826,-0.01782164,-0.003107571,-0.001740192,0.005826727
12100158,20.6915,0.02504034,-4.980786,0.002184969,-0.1963525,0.004510436,2.94908,0.01774767,-0.01864765,-0.00368021,-0.001232923,0.008064968
12200118,20.98989,0.02560717,-4.980822,0.001783562,-0.1964544,0.005429595,2.947742,0.013608,-0.01793313,-0.0008726356,-0.001639236,0.005229924
12300078,21.28783,0.02591014,-4.980782,0.001949406,-0.1967047,0.005639587,2.950197,0.01313959,-0.01825701,0.003609858,-0.002250918,-0.003742895
12400038,21.58595,0.02617287,-4.980869,0.002310997,-0.1968814,0.005225853,2.950106,0.01218649,-0.01834003,0.001435238,-0.001528019,-0.006432524
12499998,21.88369,0.02634125,-4.980911,0.002716281,-0.1970646,0.004706696,2.952886,0.01067743,-0.01693262,0.003898339,-0.001547372,-0.006769988
12599958,22.17912,0.02650455,-4.980879,0.003145079,-0.1970783,0.004291085,2.955154,0.01239668,-0.0185645,0.001972741,0.0007212354,-0.004459175
12699918,22.47729,0.02677949,-4.980867,0.003354419,-0.1970221,0.004230712,2.955054,0.01288783,-0.01738513,0.001839956,0.0004592835,-0.001267444
12799878,22.77596,0.02692227,-4.980806,0.003442748,-0.1969806,0.004374315,2.959328,0.01155899,-0.01599754,0.0001175345,0.001080703,-8.308428e-05
12899838,23.07452,0.02707556,-4.980827,0.003565007,-0.1967867,0.004484535,2.963156,0.01248398,-0.01835535,0.001410041,0.002164504,-0.001554301
12999798,23.37376,0.02716651,-4.980865,0.003706397,-0.1965472,0.004490688,2.965006,0.01354004,-0.0178945,0.0008574008,0.002666127,-0.001907162
13099758,23.67288,0.02750399,-4.981153,0.003698179,-0.1963431,0.004531751,2.966701,0.01503138,-0.01949714,-0.0009182808,0.002219962,-0.00113474
13199718,23.97192,0.02784194,-4.981548,0.003555011,-0.1962124,0.004798454,2.967222,0.01692534,-0.01876281,-0.001090115,0.001112227,0.001371187
13299678,24.27049,0.0281579,-4.981959,0.003437227,-0.1962512,0.005207997,2.96648,0.01576587,-0.01749849,0.0008519818,-0.0008538339,0.001331497
13400471,24.57229,0.0281096,-4.982299,0.003547917,-0.196498,0.005406438,2.966673,0.01479731,-0.01864235,0.001799379,-0.002197791,-0.001066938
13500431,24.87043,0.0283215,-4.982722,0.003758061,-0.1968357,0.005350691,2.966129,0.01440746,-0.01719323,0.002732346,-0.003558666,-0.003392066
13600391,25.16785,0.02837292,-4.983032,0.003992112,-0.1971932,0.005162503,2.966079,0.01426262,-0.01644951,0.001701207,-0.004204421,-0.003396572
13700351,25.46476,0.0285251,-4.983536,0.004188241,-0.197495,0.005036761,2.965178,0.01306327,-0.01809112,0.001107906,-0.00329612,-0.003019914
13800311,25.7618,0.02848944,-4.983934,0.004409746,-0.1976917,0.00492887,2.967658,0.01499222,-0.0155858,0.001691965,-0.001066829,-0.002491949
13900271,26.0587,0.02882932,-4.984258,0.004555227,-0.1977205,0.004942104,2.967091,0.01795673,-0.0149754,0.00125736,-0.0003345373,-0.0005854624
14000231,26.35552,0.02920897,-4.984469,0.004378953,-0.1978091,0.005287956,2.96738,0.01895533,-0.01443993,-0.002150812,-0.0005962486,0.003234292
14100191,26.65218,0.0298902,-4.984648,0.004084454,-0.1979191,0.005931451,2.969832,0.021359,-0.01483546,-0.001990508,-0.001096452,0.004893591
14200151,26.9493,0.03044158,-4.984564,0.003735386,-0.1978908,0.006631485,2.969965,0.02100109,-0.01272312,-0.002504509,0.0005419713,0.004916108
14300111,27.24654,0.03093469,-4.984708,0.003563309,-0.1978629,0.007103978,2.973252,0.0190713,-0.01484751,0.0006114255,0.0006748426,0.001004323
14400071,27.5436,0.03101598,-4.984789,0.003788427,-0.1977127,0.007049534,2.971915,0.01684048,-0.01570416,0.002746125,0.001242064,-0.003814483
14500031,27.84047,0.03100963,-4.984909,0.004255261,-0.1977636,0.006604579,2.972682,0.01473898,-0.01541196,0.004618155,-0.001061424,-0.007084667
14599991,28.13479,0.03081843,-4.985114,0.004915693,-0.1979441,0.005987322,2.970944,0.01473748,-0.01416565,0.004754347,-0.002079325,-0.007125694
14699951,28.43212,0.03073914,-4.985305,0.005356521,-0.19826,0.005538425,2.971615,0.01433904,-0.0159406,0.003351189,-0.003164808,-0.005083961
14799911,28.7301,0.03049826,-4.985533,0.00570855,-0.1984868,0.005248267,2.97309,0.01432195,-0.01289152,0.003112992,-0.002306036,-0.003343758
14899871,29.02832,0.03053307,-4.985602,0.005906767,-0.1985763,0.005180473,2.975062,0.01619506,-0.01296621,0.001755848,-0.0008017007,-0.0009698676
14999831,29.32738,0.03060617,-4.985833,0.00588452,-0.198386,0.005336449,2.977371,0.018635,-0.01291521,-0.0007698091,0.003596707,0.001502943
15099791,29.62661,0.03095991,-4.98601,0.005650066,-0.198027,0.005713921,2.980787,0.01930739,-0.01311901,-0.0014537,0.003769815,0.002833691
15199751,29.92627,0.03120961,-4.986099,0.005480662,-0.1976529,0.006101762,2.983443,0.01922679,-0.01108696,-0.0006194725,0.003969599,0.002665939
15299711,30.22583,0.03177789,-4.986087,0.005341115,-0.1973099,0.006412101,2.983965,0.02189234,-0.01311614,-0.0008732984,0.002552721,0.002031097
15399671,30.52573,0.03229335,-4.986273,0.005213054,-0.1971782,0.006747084,2.984226,0.02347072,-0.01130586,-0.0003791632,0.0008601238,0.002904366
15500464,30.82854,0.03316475,-4.98647,0.005025019,-0.1970989,0.00716792,2.985021,0.02344232,-0.01557651,-0.0008123987,0.001230442,0.003672738
15600424,31.12815,0.0337058,-4.98675,0.004865341,-0.197163,0.007596143,2.982976,0.02285011,-0.01326413,-0.0003833759,-0.001497945,0.003155642
15700384,31.42734,0.03443165,-4.987035,0.004862348,-0.1975039,0.007816127,2.983248,0.0226484,-0.01487142,0.0007234925,-0.003998083,0.0006835791
15800344,31.7265,0.03484792,-4.987265,0.004933187,-0.1978686,0.007858015,2.980764,0.02176676,-0.01098997,0.001649009,-0.00362022,-0.0009520708
15900304,32.02563,0.03533789,-4.987377,0.005203529,-0.1981881,0.007714498,2.983864,0.02132201,-0.01231639,0.003113936,-0.001541127,-0.002665439
16000264,32.32541,0.03545304,-4.987391,0.005630135,-0.1981878,0.007423681,2.985103,0.01868811,-0.01246802,0.00391836,0.0007478211,-0.003616682
16100224,32.62533,0.03591453,-4.987428,0.006081333,-0.1980701,0.007066922,2.98687,0.02269967,-0.01013336,0.003144123,0.002091321,-0.003453815
16200184,32.92567,0.03638127,-4.987343,0.006153406,-0.1979001,0.007049933,2.986599,0.02492666,-0.01262094,-0.0006032433,0.001077201,0.001275443
16300144,33.22589,0.03719186,-4.987386,0.005950029,-0.1978873,0.007441276,2.986912,0.02631464,-0.01040319,-0.00154995,0.0003437579,0.004545019
16400104,33.52654,0.03789039,-4.987219,0.005595996,-0.1978317,0.008016332,2.986953,0.02637334,-0.01273099,-0.002372135,0.001038742,0.005705912
16500064,33.82711,0.03877531,-4.987172,0.005364596,-0.1977816,0.008493625,2.988907,0.02743566,-0.01165424,-0.0004737533,0.001044057,0.003588136
16600024,34.12793,0.03940232,-4.987129,0.005250204,-0.197697,0.008776844,2.98981,0.0237737,-0.01170127,-0.0007168519,0.000196139,0.002291072
16699984,34.4258,0.03994888,-4.987161,0.005435046,-0.1975813,0.008776404,2.992532,0.02448886,-0.01260628,0.003535792,0.002037781,-0.00168055
16799944,34.72706,0.04045642,-4.987208,0.005711418,-0.1972924,0.008525643,2.993683,0.02636624,-0.01443806,0.001829717,0.003242216,-0.002081626
16899904,35.02823,0.04114014,-4.987278,0.005716781,-0.1970232,0.008501724,2.995475,0.02533729,-0.01203251,0.0005680531,0.002935767,0.0004174435
16999864,35.33004,0.04164508,-4.987337,0.005853934,-0.1968225,0.008512336,2.993464,0.02914932,-0.01262745,0.000696375,0.001255867,0.0005620762
17099824,35.63155,0.04257311,-4.987316,0.005721511,-0.1968269,0.008756712,2.992064,0.02983478,-0.01242088,-0.0009268365,-0.0008121799,0.003685663
17199784,35.93329,0.04334017,-4.987276,0.005462751,-0.1969712,0.009231577,2.989284,0.03248286,-0.01284703,-0.002366468,-0.002436484,0.00547639
17299744,36.23457,0.04435734,-4.987422,0.005090482,-0.1973055,0.009850055,2.988631,0.03087011,-0.01359797,-0.002084076,-0.00337314,0.006261555
17399704,36.53561,0.0456086,-4.987417,0.004904968,-0.1976753,0.01028625,2.984625,0.03236694,-0.0124867,-0.0003887841,-0.003924006,0.003809211
17499664,36.83617,0.04724776,-4.987395,0.00474313,-0.1980424,0.01054868,2.985456,0.03187663,-0.01100084,-0.0009170359,-0.003171209,0.002626309
17600457,37.13987,0.04873628,-4.987191,0.004693305,-0.198226,0.01064466,2.987245,0.03170061,-0.01007815,0.0006509271,-0.0001242415,0.0009204145
17700417,37.44057,0.05050197,-4.986996,0.004715481,-0.1980418,0.01062956,2.990032,0.03306042,-0.01030823,0.0008067945,0.003385752,0.0003213129
17800377,37.74165,0.0520785,-4.986897,0.004676718,-0.1977019,0.0106643,2.990321,0.03343233,-0.0142268,-0.0002969559,0.002709597,0.001355001
17900337,38.04271,0.05371279,-4.986816,0.004559837,-0.1973317,0.01077591,2.993162,0.03117186,-0.01090458,0.0003840838,0.004754767,0.001454976
18000297,38.3445,0.05496146,-4.986712,0.004666233,-0.1969334,0.01070335,2.994657,0.03285818,-0.01286515,0.00162248,0.004169466,-0.0009927332
18100257,38.64619,0.05652761,-4.986743,0.004719642,-0.1966315,0.0105993,2.993489,0.03372058,-0.01269699,0.0003038566,0.00219575,0.000253483
18200217,38.94813,0.06058656,-4.986928,0.00440619,-0.1964972,0.0108649,2.990264,0.1305477,-0.01227714,-0.006500261,0.00100051,0.007484112
18300177,39.24921,0.0805555,-4.987073,-0.004983694,-0.1967973,0.01621891,2.985295,0.3043247,-0.01097951,-0.1387079,-0.005926526,0.09284899
18400137,39.55054,0.1141452,-4.987212,-0.03024562,-0.197267,0.03535393,2.980617,0.4491925,-0.008591927,-0.2465163,-0.008390565,0.250056
18500097,39.85146,0.1601206,-4.987223,-0.0632588,-0.1964096,0.07071297,2.980913,0.5587568,-0.006353888,-0.25924,-0.005635293,0.405032
18600057,40.153,0.2132829,-4.987196,-0.09683394,-0.1927023,0.1161668,2.981997,0.6364003,-0.009567712,-0.2334866,0.005871969,0.4619308
18700017,40.45444,0.2729297,-4.987466,-0.1258386,-0.1866305,0.158636,2.985361,0.688976,-0.007636483,-0.1910283,0.0189582,0.3945844
18799977,40.75382,0.3350309,-4.987359,-0.1484157,-0.1795435,0.1898984,2.988494,0.7189346,-0.008000704,-0.1539904,0.03266976,0.2796593
18899937,41.05598,0.4007092,-4.987354,-0.1653842,-0.1725936,0.2101145,2.988521,0.7305848,-0.009009007,-0.1199434,0.03797276,0.1777642
18999897,41.35863,0.466687,-4.987532,-0.1779349,-0.1666237,0.2219073,2.990819,0.7310966,-0.01022323,-0.09539068,0.03821272,0.1060349
19099857,41.66098,0.5331153,-4.987731,-0.187504,-0.1616532,0.2281547,2.992786,0.7228392,-0.01042848,-0.0781095,0.03573638,0.05936815
19199817,41.96363,0.5986491,-4.988008,-0.1952118,-0.1576032,0.2307585,2.9892,0.7051643,-0.009394929,-0.06798778,0.0323949,0.02679197
19299777,42.26557,0.6633118,-4.988305,-0.2017928,-0.15465,0.2305688,2.986823,0.684388,-0.01059865,-0.06279634,0.0263127,-0.0005910312
19399737,42.56789,0.7259461,-4.988579,-0.2075195,-0.1526351,0.2279405,2.984492,0.6545123,-0.01080223,-0.05765493,0.02350428,-0.02572303
19499697,42.86957,0.7865874,-4.988905,-0.2122318,-0.1514918,0.2229511,2.981314,0.6249376,-0.01067962,-0.0525864,0.01955377,-0.0490709
19599657,43.17119,0.844871,-4.989027,-0.2163063,-0.1510563,0.2161302,2.975404,0.5890321,-0.008115597,-0.0493406,0.01698885,-0.06643941
19700450,43.47467,0.9008394,-4.989206,-0.2197106,-0.1513057,0.2077711,2.968527,0.5528762,-0.01047653,-0.04317864,0.01370834,-0.08241859
19800410,43.77473,0.9532602,-4.989397,-0.2222869,-0.1520732,0.1981836,2.962943,0.5109839,-0.00955191,-0.03727242,0.01270457,-0.09600686
19900370,44.07378,1.002005,-4.989485,-0.2240267,-0.153236,0.1873049,2.956649,0.466868,-0.007183284,-0.03094617,0.01136134,-0.1100755
20000330,44.37259,1.047149,-4.989534,-0.2249026,-0.1548572,0.1751924,2.952925,0.4266331,-0.008981843,-0.02646648,0.01076957,-0.1221385
20100290,44.67055,1.08867,-4.989538,-0.225386,-0.1567212,0.1624297,2.946624,0.3893204,-0.006101518,-0.02425569,0.00897365,-0.1265363
20200250,44.96849,1.127123,-4.989452,-0.2259112,-0.1588778,0.1497216,2.939952,0.3495879,-0.007743038,-0.02532534,0.004936431,-0.1251692
20300210,45.26539,1.161821,-4.9894,-0.2262287,-0.1614349,0.1371524,2.933747,0.3106409,-0.006609559,-0.02301676,0.001117138,-0.1261369
20400170,45.56226,1.193218,-4.989316,-0.2262154,-0.164092,0.1245161,2.929918,0.2695036,-0.009581663,-0.01938622,0.00280621,-0.1272596
20500130,45.85832,1.220649,-4.989415,-0.2258061,-0.1667358,0.1117198,2.926089,0.2315502,-0.01000359,-0.0162959,0.00289414,-0.1294414
20600090,46.15446,1.24476,-4.989487,-0.2249873,-0.1694472,0.09879972,2.920754,0.194683,-0.007143201,-0.01304726,0.001808248,-0.1304184
20700050,46.44973,1.265143,-4.989573,-0.223886,-0.1723594,0.08598143,2.917883,0.1599061,-0.00916002,-0.01037589,-0.0007217967,-0.1293256
20800010,46.7448,1.282353,-4.989872,-0.2226755,-0.1752358,0.0734706,2.915421,0.126283,-0.009225363,-0.009684343,-0.0005213775,-0.1252717
20899970,47.03605,1.295859,-4.990299,-0.2212676,-0.1780024,0.06154519,2.910404,0.09323741,-0.009307545,-0.006278136,-0.001637748,-0.1211379
20999930,47.33002,1.306722,-4.990641,-0.2197253,-0.1809134,0.049894,2.907938,0.06234125,-0.008419247,-0.006526712,-0.002931103,-0.1175254
21099890,47.6232,1.314378,-4.990936,-0.2181248,-0.1837642,0.03868788,2.903981,0.03417392,-0.007607156,-0.004318661,-0.004536322,-0.1129368
21199850,47.91643,1.319176,-4.991386,-0.2164845,-0.1866862,0.02797098,2.901941,0.002482408,-0.009019346,-0.002227572,-0.005274262,-0.1091537
21299810,48.20912,1.320979,-4.991817,-0.2144503,-0.1895331,0.01743403,2.899648,-0.02265819,-0.006837964,0.0001848257,-0.005240674,-0.1072055
21399770,48.50116,1.320022,-4.992151,-0.2124165,-0.1923445,0.007382751,2.896272,-0.04877865,-0.007017045,0.0003994404,-0.007186345,-0.1010485
21499730,48.7927,1.316234,-4.992364,-0.2103551,-0.1950617,6.281064,2.897557,-0.07109278,-0.005006509,0.002022395,-0.005331807,-0.0961493
21599690,49.08491,1.310078,-4.992587,-0.2082885,-0.1973933,6.272114,2.899777,-0.09364589,-0.005806407,0.003468601,-0.003681761,-0.0894526
21700483,49.3798,1.30142,-4.992932,-0.2061959,-0.1994193,6.263666,2.898702,-0.1133053,-0.006228128,0.004263272,-0.002924664,-0.08342998
21800443,49.67215,1.290613,-4.99328,-0.2040886,-0.2013655,6.255879,2.900681,-0.1330245,-0.006720425,0.005744607,-0.003051015,-0.0781182
21900403,49.96439,1.277706,-4.993593,-0.2019441,-0.2032074,6.248543,2.902906,-0.1498226,-0.006428734,0.006468265,-0.002964772,-0.0735715
22000363,50.25703,1.262959,-4.993762,-0.1998913,-0.2048923,6.241789,2.905921,-0.1647439,-0.004806499,0.005985371,-0.00254404,-0.06645139
22100323,50.54969,1.246455,-4.993974,-0.1979322,-0.206349,6.235704,2.909121,-0.178015,-0.005672486,0.007271208,-0.001836018,-0.05989828
22200283,50.84277,1.22872,-4.994153,-0.1960676,-0.2076033,6.230226,2.91089,-0.1872475,-0.004303238,0.007096986,-0.001791088,-0.05327014
22300243,51.13567,1.209812,-4.994339,-0.1944909,-0.2087815,6.22557,2.912851,-0.1997267,-0.00453947,0.00628751,-0.002484953,-0.04494726
22400203,51.4284,1.189867,-4.994418,-0.1929715,-0.2100003,6.22151,2.916381,-0.2057889,-0.004862608,0.006231097,-0.003859219,-0.04003787
22500163,51.72111,1.169217,-4.994466,-0.1916236,-0.2110287,6.217966,2.919189,-0.2110947,-0.003717314,0.005433031,-0.003207742,-0.03369443
22600123,52.01428,1.147143,-4.994555,-0.190629,-0.2119374,6.215111,2.920557,-0.2165998,-0.004378485,0.004883905,-0.004443797,-0.02746759
22700083,52.30756,1.124423,-4.994596,-0.1895661,-0.2128655,6.212779,2.923191,-0.2222618,-0.003883685,0.005815206,-0.004397801,-0.02269635
22800043,52.60087,1.100455,-4.994689,-0.1884555,-0.2136406,6.21072,2.928198,-0.2296782,-0.005204183,0.007953041,-0.002802084,-0.02094106
22900003,52.89433,1.07581,-4.994687,-0.1870686,-0.214111,6.20858,2.931887,-0.234016,-0.002764172,0.01067905,0.0002521968,-0.02136153
22999963,53.18532,1.05044,-4.994738,-0.185625,-0.2144205,6.206529,2.934383,-0.2350665,-0.004415959,0.01040898,-3.44147e-06,-0.01878971
23099923,53.47933,1.024662,-4.99484,-0.1844428,-0.2147436,6.204989,2.937072,-0.2382106,-0.003470683,0.008413685,-0.001045427,-0.01301317
23199883,53.77427,0.9977664,-4.994768,-0.1833382,-0.2150065,6.203939,2.943797,-0.2395698,-0.003935292,0.00942493,-0.000345839,-0.009137648
23299843,54.0696,0.9707265,-4.994843,-0.1822133,-0.2150815,6.203148,2.943612,-0.239031,-0.005946968,0.01049754,0.0005831397,-0.006948131
23399803,54.36529,0.9429918,-4.995006,-0.1811517,-0.2154216,6.20265,2.946178,-0.2397429,-0.005688029,0.009393286,-0.003542845,-0.004173346
23499763,54.66134,0.915462,-4.995144,-0.1800985,-0.2157896,6.202362,2.949502,-0.2384629,-0.00686011,0.01157714,-0.001870989,-0.002540805
23599723,54.95737,0.8874928,-4.995349,-0.1790916,-0.2159977,6.202284,2.94863,-0.237883,-0.005209709,0.01061607,-0.002275229,0.0004018522
23699683,55.25324,0.8599984,-4.995513,-0.1780127,-0.216282,6.202398,2.951881,-0.235852,-0.007065083,0.012109,-0.003360869,0.001428969
23800476,55.5528,0.8314321,-4.995769,-0.1770864,-0.2164787,6.202692,2.954618,-0.2750524,-0.006266373,0.00934625,-0.000893795,0.004347027
23900436,55.84972,0.7914203,-4.995899,-0.1719161,-0.2152153,6.200636,2.95715,-0.4442032,-0.005091056,0.09222478,0.02759871,-0.04264161
24000396,56.14713,0.7356737,-4.99621,-0.1515436,-0.2129029,6.187169,2.961464,-0.5950806,-0.005079856,0.2166812,0.05282932,-0.1828566
24100356,56.44476,0.6671813,-4.996391,-0.1203318,-0.2105954,6.157257,2.963806,-0.709541,-0.005273481,0.2595773,0.0656876,-0.346907
24200316,56.74263,0.5904357,-4.997063,-0.08569988,-0.2091662,6.114962,2.96087,-0.7926955,-0.006416609,0.25154,0.04956029,-0.4327883
24300276,57.03997,0.5079367,-4.997881,-0.05368085,-0.2085349,6.072856,2.9559,-0.8446983,-0.006459304,0.2181034,0.0269131,-0.3876142
24400236,57.33675,0.4214706,-4.998554,-0.02754422,-0.2081474,6.040447,2.953483,-0.8735909,-0.004987088,0.1787709,0.01308941,-0.2749931
24500196,57.6331,0.3333704,-4.999099,-0.007615546,-0.207707,6.019732,2.954095,-0.8830822,-0.004259227,0.1425036,0.007060163,-0.1649433
24600156,57.92984,0.2441614,-4.999648,0.007082162,-0.206827,6.008336,2.957678,-0.8797712,-0.005167997,0.1132994,0.0103374,-0.08518532
24700116,58.22682,0.1558173,-5.000003,0.01815968,-0.2054259,6.003114,2.961201,-0.8635824,-0.002212969,0.0930889,0.01542788,-0.03417946
24800076,58.52471,0.06840645,-5.000104,0.026646,-0.2036602,6.002079,2.968304,-0.8439869,-0.003905995,0.0784946,0.01993575,0.002629956
24900036,58.82304,-0.01690042,-5.000125,0.03362413,-0.201422,6.004162,2.9721,-0.8194799,-0.0007691229,0.07312735,0.02448861,0.02960983
24999996,59.11891,-0.1005104,-4.999949,0.03978397,-0.1991954,6.008372,2.977809,-0.7908106,-0.002281641,0.07135399,0.02444855,0.04885948
25099956,59.41814,-0.1818733,-4.999741,0.04548045,-0.1969693,6.014458,2.981327,-0.7535862,-0.002413249,0.06880894,0.02535388,0.06666733
25199916,59.71797,-0.2601366,-4.999464,0.05007037,-0.1950104,6.022514,2.984343,-0.7120612,-0.001484445,0.05894617,0.02256563,0.08769628
25299876,60.01798,-0.3339136,-4.999289,0.05334903,-0.1933377,6.032698,2.987691,-0.6676688,-0.00182156,0.05121898,0.02203834,0.1076691
25399836,60.31835,-0.4049434,-4.999091,0.05545852,-0.1918583,6.044574,2.990298,-0.6243019,-0.003288123,0.04247573,0.02155185,0.1232223
25499796,60.61863,-0.4713805,-4.998909,0.05695795,-0.1905291,6.057558,2.991371,-0.5785765,-0.001392113,0.04102899,0.02040188,0.1317847
25599756,60.9193,-0.5345418,-4.998703,0.05787213,-0.1893973,6.071207,2.99234,-0.5306423,-0.002365911,0.03463952,0.018631,0.1387775
25699716,61.21991,-0.5924628,-4.998482,0.0582359,-0.188446,6.085476,2.992885,-0.4823419,-0.001977724,0.03096064,0.01827081,0.1446188
25799676,61.5209,-0.646728,-4.99824,0.05805374,-0.1877996,6.100247,2.987433,-0.4370594,-0.00335337,0.02644405,0.01308711,0.1493367
25900469,61.82451,-0.6961609,-4.998095,0.05775234,-0.1877562,6.115312,2.98569,-0.3907711,-0.003175281,0.02700834,0.007995042,0.1494274
26000429,62.12522,-0.7419502,-4.998027,0.05724168,-0.1879205,6.130052,2.980329,-0.3453832,-0.001620605,0.02392495,0.006183374,0.1482291
26100389,62.42543,-0.7824957,-4.997773,0.05649987,-0.1883529,6.144716,2.978285,-0.2996103,-0.0006734296,0.02127648,0.00397522,0.1485081
26200349,62.72635,-0.8199399,-4.997601,0.05527746,-0.188746,6.159393,2.975055,-0.2557023,-0.003167678,0.01720536,0.004874217,0.148973
26300309,63.02689,-0.8522139,-4.997663,0.05384647,-0.1890621,6.174057,2.971158,-0.2139049,-0.003188512,0.01488491,0.005029408,0.1486135
26400269,63.32778,-0.8813327,-4.997618,0.05217953,-0.189461,6.188503,2.967745,-0.1728634,-0.003059042,0.01188471,0.004418001,0.1461046
26500229,63.62812,-0.9055327,-4.997665,0.05033845,-0.1898507,6.202691,2.96416,-0.1343593,-0.002803531,0.01071738,0.004468188,0.1431023
26600189,63.92886,-0.9266461,-4.997592,0.0483992,-0.1903608,6.216376,2.958787,-0.09620954,-0.003135046,0.007308241,0.0009037814,0.138785
26700149,64.2291,-0.9429464,-4.997564,0.04628685,-0.191035,6.229729,2.958037,-0.05908818,-0.0009547099,0.005683139,0.001137084,0.1357392
26800109,64.53001,-0.9564778,-4.997458,0.0438985,-0.191453,6.242711,2.960165,-0.026016,9.283336e-05,0.002432091,0.003022347,0.1320028
26900069,64.8307,-0.9657767,-4.997411,0.0416073,-0.1914732,6.255092,2.959286,0.004417524,-0.002869144,0.002794894,0.006467939,0.1245044
27000029,65.13166,-0.9726129,-4.997449,0.03951391,-0.191516,6.266603,2.95762,0.03349717,-0.0008531529,0.002795489,0.003074466,0.1160294
27099989,65.42928,-0.9756031,-4.997417,0.03747866,-0.1917103,6.277323,2.95945,0.06109406,-0.001219173,0.00236209,0.003827347,0.1096476
27199949,65.73034,-0.9764308,-4.997638,0.03550339,-0.1917479,0.004270542,2.95621,0.08675992,-0.00376058,0.002129958,0.003298644,0.1024806
27299909,66.03065,-0.9736608,-4.997818,0.03349917,-0.191992,0.01378528,2.953904,0.1109117,-0.001976004,-6.841344e-05,-0.0003974922,0.09710297
27399869,66.33128,-0.9688742,-4.998053,0.03132653,-0.1924869,0.02272871,2.950881,0.1351265,-0.002516115,-0.00347456,-0.002596076,0.09235542
27499829,66.63106,-0.9607654,-4.998172,0.02897923,-0.1931271,0.03141454,2.949466,0.1561964,-0.00278857,-0.005176371,-0.003843133,0.09038407
27599789,66.93102,-0.9509465,-4.998332,0.02656794,-0.1937101,0.03970815,2.949708,0.174519,-0.003750452,-0.006307293,-0.002686743,0.08485142
27699749,67.23061,-0.9383694,-4.998585,0.02445256,-0.1939079,0.04730791,2.95218,0.1904979,-0.003245183,-0.003930596,0.00242056,0.07699166
27799709,67.53059,-0.9240562,-4.998718,0.02254769,-0.1937919,0.05404809,2.953428,0.2085202,-0.0005827989,-0.004386248,0.0044152,0.06805792
27899669,67.82996,-0.9070812,-4.998761,0.02059681,-0.1936161,0.06017408,2.952832,0.22359,-0.0009032941,-0.006546763,0.003377138,0.06335024
28000462,68.13336,-0.8886227,-4.998949,0.01836594,-0.1935485,0.06598826,2.952881,0.2377281,-0.00140588,-0.01050803,0.00327399,0.05988051
28100422,68.43229,-0.8675316,-4.999061,0.01611834,-0.1936626,0.07140742,2.950758,0.2494001,-0.001242168,-0.01064394,-0.0008942846,0.05593092
28200382,68.73054,-0.8454562,-4.999181,0.01388161,-0.1940019,0.07640622,2.948632,0.2576338,-0.001805122,-0.012213,-0.003622222,0.05040191
28300342,69.02803,-0.8219611,-4.999394,0.01192348,-0.1944207,0.08070673,2.948317,0.266302,-0.001269662,-0.01030431,-0.003786309,0.04224212
28400302,69.32559,-0.7977384,-4.999613,0.0101215,-0.1947316,0.08430324,2.948323,0.2727381,0.0005840452,-0.01120383,-0.002382409,0.03649758
28500262,69.62279,-0.7725284,-4.999702,0.00841904,-0.1948958,0.08737744,2.948534,0.2773502,-0.001707115,-0.009535728,-0.001214297,0.03120079
28600222,69.91988,-0.7467825,-4.999986,0.006964492,-0.195121,0.08984233,2.947307,0.2798626,-0.0001676473,-0.008767301,-0.001998089,0.02469451
28700182,70.21643,-0.7203141,-5.000337,0.005667954,-0.1953911,0.09173445,2.945233,0.2826615,-0.001925194,-0.007421993,-0.00296347,0.01908255
28800142,70.51284,-0.6934266,-5.000479,0.004514537,-0.1958054,0.09318085,2.944761,0.2822463,0.001543648,-0.008891552,-0.00384839,0.01524791
28900102,70.80892,-0.6661243,-5.000432,0.003534882,-0.1962286,0.09419623,2.944346,0.2832999,0.002652277,-0.007438326,-0.003398001,0.01051849
29000062,71.10548,-0.6385885,-5.000554,0.002649326,-0.1965192,0.09475441,2.947389,0.2835922,-0.0004495157,-0.007801692,-0.001544479,0.006157735
29100022,71.40205,-0.6106721,-5.000577,0.001718388,-0.1964657,0.09502762,2.948853,0.2830211,0.0004895208,-0.008438854,0.001474364,0.004390893
29199982,71.6963,-0.5829345,-5.000667,0.0007783263,-0.1964065,0.09512624,2.949928,0.2825808,0.0005289523,-0.008930997,0.0002951032,0.002705725
29299942,71.99329,-0.5548343,-5.000738,-0.0002260861,-0.1964662,0.09511761,2.949804,0.2808594,0.002114267,-0.009348851,-0.001179122,0.001555751
29399902,72.29094,-0.5272006,-5.000655,-0.00112694,-0.196538,0.0949039,2.953502,0.2756693,0.0007384382,-0.008700236,-0.0001895274,-0.001231812
29499862,72.58865,-0.4998191,-5.0006,-0.001703391,-0.196359,0.09424193,2.954124,0.2729863,0.0001740027,-0.006522275,0.002918792,-0.006210408
29599822,72.88704,-0.4726193,-5.000564,-0.002227858,-0.1961768,0.09327909,2.957756,0.2712453,0.001489529,-0.007212308,0.001815694,-0.007921152
29699782,73.18522,-0.4455304,-5.000533,-0.002884137,-0.1960644,0.09230876,2.955074,0.2671951,0.001335227,-0.008431972,0.0003310315,-0.007379015
29799742,73.48392,-0.4188262,-5.000565,-0.003574876,-0.196209,0.09136063,2.957965,0.2634721,0.0002784665,-0.008254723,-0.001150588,-0.008018782
29899702,73.78244,-0.3923156,-5.000754,-0.004176029,-0.1962195,0.0902836,2.956549,0.2597144,-0.0004789052,-0.00774381,0.0007156833,-0.009373943
29999662,74.08077,-0.3662384,-5.000723,-0.004730274,-0.1963054,0.08911663,2.955813,0.2516296,0.001170745,-0.007405217,-0.0005691074,-0.01113574
30100455,74.38185,-0.3403682,-5.00067,-0.005100263,-0.196344,0.08759286,2.960213,0.2460827,0.0006101046,-0.006642482,0.002253942,-0.01506242
30200415,74.68096,-0.3152079,-5.000761,-0.00530896,-0.1960792,0.08573873,2.965243,0.2397485,0.0001575261,-0.005050481,0.003904325,-0.01885777
30300375,74.98013,-0.2903825,-5.00075,-0.005373806,-0.1956497,0.08358016,2.965803,0.236001,-0.0001649561,-0.005311005,0.004751341,-0.02039445
30400335,75.28018,-0.2662787,-5.000572,-0.005669425,-0.195302,0.08155261,2.96804,0.2265244,0.002608774,-0.00676222,0.003512569,-0.01836606
30500295,75.58002,-0.2428738,-5.000585,-0.005810719,-0.1950472,0.0795294,2.968455,0.2225862,-0.0001843016,-0.004909978,0.002467568,-0.01937224
30600255,75.88054,-0.2197052,-5.000548,-0.006008614,-0.1949402,0.0775396,2.970666,0.2165636,0.0009526162,-0.00601858,0.0007683014,-0.01833565
30700215,76.18094,-0.1970728,-5.000484,-0.00626818,-0.1947831,0.07561394,2.970415,0.2103855,0.0007296444,-0.006444122,0.003330779,-0.01816662
30800175,76.48153,-0.1750209,-5.000517,-0.006606576,-0.1946041,0.07368942,2.973726,0.2048153,-0.001571896,-0.006914152,0.002394764,-0.01851574
30900135,76.78175,-0.1537342,-5.000722,-0.00686972,-0.1943579,0.07175289,2.970248,0.1967586,-0.000122281,-0.006312456,0.003116701,-0.01912218
31000095,77.08158,-0.1335329,-5.000808,-0.006907042,-0.1944387,0.06962007,2.968385,0.1885035,0.0007138918,-0.003767413,-0.001358673,-0.02181077
31100055,77.38068,-0.1140444,-5.000829,-0.006784815,-0.1948612,0.06727248,2.966666,0.1869517,0.0007751385,-0.003487391,-0.003856828,-0.02318698
31200015,77.67992,-0.09505153,-5.000887,-0.006957452,-0.1953202,0.06519168,2.968403,0.1792884,-0.0008397239,-0.007435177,-0.003773572,-0.018895
31299975,77.97598,-0.07689863,-5.000897,-0.007188227,-0.1954821,0.0634128,2.968204,0.1738116,-0.0001635831,-0.005563928,-6.874674e-06,-0.01753918
31399935,78.27529,-0.05931902,-5.000955,-0.007263525,-0.1956029,0.06161435,2.968736,0.1654254,-0.000367822,-0.00313128,-0.001691231,-0.01884416
31499895,78.57442,-0.04258127,-5.000956,-0.007035867,-0.1956433,0.05946342,2.969706,0.1591293,0.000504773,-0.001142544,0.001189385,-0.02307449
31599855,78.87445,-0.02608972,-5.000864,-0.006694004,-0.195546,0.05707585,2.971867,0.1547208,0.001127361,-0.002229226,0.002198659,-0.02336826
31699815,79.17448,-0.01010314,-5.000756,-0.006584447,-0.195255,0.05487728,2.971892,0.149234,0.001984729,-0.003672523,0.003930243,-0.02115775
31799775,79.47495,0.004942563,-5.000748,-0.006646552,-0.1950553,0.05293664,2.970766,0.1437737,-0.001492388,-0.005323577,0.001367046,-0.01855378
31899735,79.77518,0.01929216,-5.00064,-0.006706554,-0.1950253,0.05116231,2.971644,0.1376632,0.001976003,-0.003674773,0.0009190588,-0.01759823
31999695,80.07601,0.03265028,-5.000629,-0.00677168,-0.1949788,0.04944526,2.972918,0.1323317,0.0004972356,-0.004534331,0.0008824675,-0.01739928
32099655,80.37648,0.04530501,-5.000548,-0.006727767,-0.1949063,0.04765067,2.972905,0.1262174,0.001929259,-0.002379844,0.001099661,-0.01869671
32200448,80.68004,0.05730915,-5.000562,-0.006520064,-0.1948606,0.04566507,2.973031,0.1197774,-0.0003772968,-0.001471991,0.0009248205,-0.02051174
32300408,80.98023,0.06863523,-5.000684,-0.006180963,-0.1947303,0.0435268,2.973865,0.1131066,-0.001982496,-0.000449601,0.002323557,-0.02190248
32400368,81.2804,0.0788713,-5.000615,-0.005769604,-0.1946063,0.04137156,2.974886,0.1097535,0.001038621,-1.673226e-05,0.001730432,-0.02122418
32500328,81.58015,0.08855018,-5.000692,-0.005430429,-0.1944773,0.03942006,2.973684,0.1026856,0.0009350062,-0.0004691005,0.001814304,-0.01873409
32600288,81.87981,0.09759938,-5.000643,-0.0049739,-0.1944786,0.03758045,2.974166,0.09739435,0.003112089,0.002059479,-0.0001200701,-0.01885369
32700248,82.17923,0.1063919,-5.00051,-0.004458397,-0.1945486,0.03573183,2.975032,0.09434911,0.0008293355,0.0008081802,0.0005542998,-0.01853066
32800208,82.47903,0.114506,-5.000578,-0.004123334,-0.1945522,0.03405178,2.978814,0.09160113,0.001387743,-0.0007138054,0.001000121,-0.01598645
32900168,82.77879,0.1224287,-5.000503,-0.004012426,-0.1941749,0.03266931,2.978446,0.08887355,0.0009700222,-0.002251307,0.005021059,-0.01290932
33000128,83.07906,0.1296455,-5.000629,-0.00400064,-0.193951,0.0315416,2.977924,0.08382758,0.001621422,-0.001710166,0.001235677,-0.01101227
33100088,83.37917,0.1364823,-5.000705,-0.003889133,-0.193868,0.03037952,2.977967,0.08147907,-0.0001201543,0.0003036194,0.000645355,-0.01295126
33200048,83.67946,0.1428915,-5.000834,-0.003748679,-0.1938138,0.02911139,2.977822,0.07681674,0.001347573,-0.001105671,0.0005649687,-0.01292408
33300008,83.97918,0.1489858,-5.000961,-0.003452411,-0.1938698,0.027826,2.97458,0.07267801,0.001726214,0.001104864,-0.0008233437,-0.01370261
33399968,84.27597,0.1545663,-5.001042,-0.003111937,-0.1941965,0.02648819,2.972474,0.06777627,-0.0002315904,6.280013e-05,-0.003757146,-0.01363486
33499928,84.57535,0.1599618,-5.001151,-0.002724197,-0.1945654,0.02512098,2.97209,0.0638914,0.002805718,0.002053778,-0.002522212,-0.01426526
33599888,84.87502,0.1646101,-5.001157,-0.002310487,-0.1948253,0.02374616,2.973231,0.06224814,0.0002144488,0.001324759,-0.001825152,-0.01371007
33699848,85.17439,0.1691556,-5.001249,-0.002046861,-0.1949514,0.02258099,2.971616,0.06065882,0.00133547,-0.0001448602,-0.001386747,-0.01087289
33799808,85.47364,0.1730018,-5.001214,-0.001870903,-0.195088,0.02167634,2.971291,0.05604958,0.0009693045,0.0004650679,-0.0007630497,-0.008470243
33899768,85.77254,0.1765215,-5.001297,-0.0015939,-0.1951819,0.02078476,2.971397,0.05326836,0.0007195435,0.001654079,-0.0007314979,-0.00991733
33999728,86.07177,0.179794,-5.001112,-0.001168916,-0.1952033,0.0197131,2.973307,0.05213131,0.002869323,0.001891585,-3.045774e-06,-0.01134152
34099688,86.37076,0.1833647,-5.001176,-0.0008910976,-0.1950875,0.01870969,2.973148,0.05196868,0.0005461883,-0.0003382766,0.0005838922,-0.00895177
34200481,86.67316,0.1864784,-5.001163,-0.0009364528,-0.1949576,0.01809976,2.975826,0.04985539,0.001442327,-0.00181506,0.001156558,-0.005035408
34300441,86.9725,0.1894926,-5.001203,-0.0009299575,-0.1946313,0.01767123,2.975585,0.04643073,0.0009702658,-2.850988e-05,0.004110892,-0.004486205
34400401,87.27233,0.1915985,-5.001187,-0.0006796761,-0.1944435,0.017091,2.975838,0.04445985,0.002461959,0.003178374,0.001540104,-0.007343179
34500361,87.57204,0.1937343,-5.001251,-0.0002854995,-0.1943084,0.01624154,2.97578,0.04431908,0.002038482,0.002722699,0.002253248,-0.009030476
34600321,87.87176,0.1954178,-5.001276,-3.678891e-05,-0.1942493,0.01551706,2.976143,0.04488225,0.0005464103,7.649767e-06,0.0005950271,-0.005990726
34700281,88.17117,0.1973389,-5.001364,-6.069774e-05,-0.1942076,0.01520755,2.976645,0.04358066,0.0001862291,-0.0009755228,0.000338709,-0.001786214
34800241,88.47084,0.1989537,-5.001449,-9.865348e-05,-0.1942447,0.01508681,2.975621,0.04323683,0.001444548,-0.0004047472,-0.0006136508,-0.001609785
34900201,88.77027,0.2007978,-5.001538,-2.747676e-05,-0.1943958,0.01486767,2.974791,0.04067258,-0.0003486099,0.0008206735,-0.001298812,-0.002938679
35000161,89.06963,0.2022023,-5.001599,0.0001022916,-0.1945965,0.01445075,2.974074,0.0391995,0.00120665,0.0009134273,-0.001607796,-0.00483925
35100121,89.36844,0.2037779,-5.001654,0.0003456334,-0.1948208,0.01393108,2.973102,0.03800995,0.0003061039,0.001891117,-0.002088008,-0.005114693
35200081,89.66732,0.2049679,-5.00187,0.0005018578,-0.1950721,0.01343979,2.972153,0.03718341,0.001507022,0.0002057457,-0.002316067,-0.003978609
35300041,89.96597,0.2063363,-5.001962,0.0006447785,-0.1952743,0.01310073,2.972878,0.03763665,0.001930846,0.001193876,-0.001494206,-0.003024537
35400001,90.26496,0.2073443,-5.001949,0.0007083602,-0.1953564,0.01287193,2.972392,0.03560407,-0.0004927343,-0.000529127,-0.0007346387,-0.001303262
35499961,90.5608,0.2082425,-5.001933,0.0008636917,-0.1954361,0.01268131,2.972816,0.0345914,0.003452544,0.002734297,-0.0005951851,-0.002896637
35599921,90.86005,0.2088269,-5.001782,0.001137215,-0.1954407,0.01228528,2.972117,0.03321611,0.001484443,0.001559272,0.001294059,-0.003904756
35699881,91.15918,0.2093286,-5.001699,0.001375454,-0.1954863,0.0118965,2.972753,0.02937445,0.00143013,0.002534147,-2.067455e-05,-0.004299656
35799841,91.4587,0.2091001,-5.001585,0.002012595,-0.1955485,0.01122776,2.971581,0.02771081,0.002377015,0.005492084,-0.001009196,-0.007885051
35899801,91.75822,0.2091168,-5.001441,0.00265719,-0.1955739,0.01040691,2.975574,0.02763416,0.002274875,0.004369626,0.0009028451,-0.007866515
35999761,92.05801,0.208891,-5.001266,0.003023527,-0.1953199,0.009844487,2.977185,0.03217886,0.002301124,0.001849356,0.004190546,-0.003982135
36099721,92.35751,0.2093163,-5.001094,0.002965076,-0.1950304,0.009858447,2.975717,0.03380658,0.002958778,-0.0006521975,0.001700687,0.002825574
36199681,92.65681,0.2094878,-5.000971,0.002580883,-0.1950347,0.01040609,2.974787,0.03350699,0.0002381578,-0.002711611,-0.001271909,0.006718711
36300474,92.95869,0.2098431,-5.000964,0.002319481,-0.1952117,0.01097027,2.97395,0.03311816,0.0006113179,0.0005011866,-0.002042077,0.004424579
36400434,93.25775,0.2097501,-5.000947,0.002320155,-0.1953112,0.01110511,2.974264,0.03041927,-0.0005409931,0.0008256187,-7.522816e-05,0.0001677691
36500394,93.55665,0.2098798,-5.000995,0.002608498,-0.1952871,0.01084611,2.975033,0.02881927,0.0006702174,0.00309729,0.00122388,-0.003295291
36600354,93.85591,0.2095777,-5.000985,0.002967366,-0.1953304,0.01042561,2.974335,0.02909487,0.0003277502,0.002765259,-0.001305888,-0.003896581
36700314,94.15491,0.2095284,-5.000888,0.003350944,-0.1955086,0.01003472,2.973417,0.02851025,0.00207162,0.004158044,-0.002195123,-0.003565274
36800274,94.45428,0.2093536,-5.000877,0.00368313,-0.1957231,0.009758663,2.972691,0.0319201,0.001454902,0.002066181,-0.001756166,-0.00132772
36900234,94.75371,0.2097575,-5.000768,0.003649749,-0.1958636,0.009900697,2.97599,0.03238637,0.00271636,-0.0004116626,1.538906e-05,0.003061661
37000194,95.05389,0.2098754,-5.000679,0.003417387,-0.1956176,0.01034192,2.97783,0.0345144,0.001542692,-0.0009444058,0.003827133,0.004776312
37100154,95.35374,0.2105083,-5.000591,0.00313961,-0.1953927,0.01083815,2.977851,0.03360789,0.0009137875,-0.002377243,0.001500438,0.00522264
37200114,95.6543,0.2107922,-5.000631,0.002917423,-0.1952412,0.01124254,2.979097,0.03421315,-0.0001791499,-0.0007097109,0.002208502,0.003538162
37300074,95.95453,0.2113174,-5.000627,0.002870152,-0.1950445,0.0114436,2.977911,0.0342297,0.002091661,0.00150332,0.001730837,0.001107758
37400034,96.2553,0.2117198,-5.000643,0.002959387,-0.1949115,0.0114744,2.981689,0.03710925,-0.001000656,0.0009178462,0.002141856,0.0008878652
37499994,96.55289,0.2125059,-5.000671,0.002839462,-0.1946802,0.01168965,2.97996,0.0352144,0.001429951,-0.0002480397,0.002454471,0.003231492
37599954,96.85305,0.2128134,-5.000922,0.002774064,-0.1946268,0.01187976,2.980899,0.0346816,-0.003844406,0.001011446,0.0004583647,0.001741484
37699914,97.15255,0.2135817,-5.001124,0.002851597,-0.1946879,0.01191599,2.977507,0.03783187,0.0002273782,0.001592052,-0.001258518,0.0007990958
37799874,97.45232,0.2141025,-5.00119,0.002803489,-0.1949839,0.0120699,2.977335,0.03955811,-0.0003318709,0.0004792239,-0.0031813,0.002637772
37899834,97.75179,0.2150103,-5.001224,0.002661865,-0.1952304,0.01236076,2.978377,0.03639598,0.001825951,-0.0002738484,-0.001877027,0.003718479
37999794,98.05161,0.2152786,-5.001215,0.002677313,-0.1953242,0.01252202,2.97527,0.03622761,0.0005269579,0.002102045,-0.0004500679,0.0008234833
38099754,98.3512,0.215951,-5.001145,0.002899795,-0.1954667,0.01243027,2.978074,0.03532146,0.001449215,0.002227452,-0.0004393018,-0.0005613352
38199714,98.65122,0.2163081,-5.00097,0.003134283,-0.1955014,0.01227202,2.977888,0.03463319,0.001056769,0.002753977,0.0001721149,-0.001526561
38299674,98.9509,0.2171041,-5.000809,0.003421366,-0.1955089,0.01198637,2.976928,0.03711774,0.003023272,0.003143164,0.0002734065,-0.002444087
38400467,99.25399,0.2179973,-5.000555,0.003449593,-0.1955202,0.01187256,2.977311,0.03878437,-0.0002064641,-0.0007384322,0.0007902684,0.001120982
38500427,99.55386,0.219437,-5.000328,0.003162221,-0.1954331,0.01220073,2.976163,0.04116725,0.001100762,-0.00173527,0.000848567,0.0051482
38600387,99.85399,0.2205805,-5.000116,0.002739714,-0.1954871,0.01280994,2.9735,0.041106,-0.0007254541,-0.002749377,-0.00123823,0.006699958
38700347,100.1538,0.2219462,-4.999984,0.002398375,-0.1958069,0.01330823,2.974555,0.03945621,0.000108771,-0.001260847,-0.003187703,0.004244462
38800307,100.4544,0.2231344,-4.999748,0.002337225,-0.1958686,0.01345097,2.977491,0.03866371,0.001918487,0.0001200548,0.00118012,0.0008144621
38900267,100.755,0.2246266,-4.999537,0.002381431,-0.1955836,0.01334416,2.978128,0.03782234,-0.0002880645,0.0009921348,0.003744979,-0.001315925
39000227,101.0555,0.2258123,-4.999451,0.002561721,-0.1953028,0.01309264,2.976181,0.0392786,-0.0002894267,0.001862955,0.002819859,-0.002087047
39100187,101.3553,0.22735,-4.999408,0.002631035,-0.1952764,0.01290121,2.973512,0.03936989,0.001265045,0.0005790913,-0.0004729298,-0.00091212
39200147,101.6552,0.2288745,-4.999204,0.002620879,-0.1955181,0.01288382,2.974112,0.03987833,0.0007725003,-0.0002690878,-0.00150577,0.001331344
39300107,101.9548,0.2308656,-4.999169,0.00249244,-0.1957138,0.01305083,2.974079,0.04124961,-0.00185138,-0.001142652,-0.001687993,0.002596159
39400067,102.2546,0.2326602,-4.999107,0.002205121,-0.1958256,0.01335179,2.972584,0.04167491,-0.001020631,-0.001464409,-0.001268825,0.003852836
39500027,102.554,0.2348271,-4.999043,0.00185063,-0.1960174,0.01367276,2.970997,0.04323557,2.2972e-05,-0.001891757,-0.002022237,0.003450427
39599987,102.8507,0.2369425,-4.999043,0.001538014,-0.1962873,0.01394438,2.971317,0.04072362,-0.001532644,-0.001151304,-0.001963643,0.002827311
39699947,103.1502,0.2394057,-4.999078,0.001537271,-0.1964578,0.01395975,2.972495,0.04189,-0.003122505,0.0008879408,-0.001318586,-0.0001705115
39799907,103.4502,0.2415613,-4.999174,0.001530252,-0.1964481,0.01380257,2.973866,0.03835232,-0.0007440322,0.0005991686,0.0008487788,-0.001500663
39899867,103.7502,0.2438837,-4.999266,0.001655565,-0.1963267,0.01347952,2.976551,0.03839725,-0.000705466,0.001324392,0.002568915,-0.002896553
39999827,104.0509,0.2458064,-4.999392,0.001694277,-0.1959902,0.01312465,2.97795,0.03646079,0.0006824137,-0.0003614426,0.004845646,-0.002423019
40099787,104.3515,0.2477332,-4.999458,0.001805616,-0.1955285,0.01279352,2.979113,0.03594586,0.0001069577,0.001423304,0.005031938,-0.00284894
40199747,104.6524,0.2498214,-4.999729,0.001926498,-0.1953089,0.01246444,2.979166,0.03610858,-0.0009722586,-0.0005901501,0.001874933,-0.001946137
40299707,104.9529,0.2521333,-4.999939,0.001874858,-0.1952239,0.01230204,2.976525,0.03573953,0.0007987057,-0.0005206352,0.001398623,-0.0005079124
40399667,105.2533,0.2541097,-5.000293,0.001887235,-0.1953816,0.01214166,2.977389,0.03318718,-0.002501972,0.0004784106,-0.001437439,-0.001062789
40500460,105.5562,0.256184,-5.000582,0.002041523,-0.1955224,0.01186267,2.975711,0.03452112,-0.001072213,0.001397047,-0.001101357,-0.002541186
40600420,105.8561,0.2579123,-5.000727,0.002054264,-0.1957269,0.01156533,2.975726,0.0331513,0.002578819,-0.0002591274,-0.001231611,-0.001743658
40700380,106.1558,0.259761,-5.000773,0.002089293,-0.195819,0.01136823,2.97491,0.03288624,-0.0001950966,0.0006570137,4.183466e-05,-0.0009696694
40800340,106.4557,0.2611293,-5.000899,0.002159833,-0.1958605,0.01117605,2.976641,0.03245923,0.001613341,0.00097446,0.0003520305,-0.001445922
40900300,106.7553,0.2627303,-5.001006,0.002206262,-0.1958037,0.01096983,2.975317,0.03357825,0.0005609371,-0.0002383195,0.0006573224,-0.001150786
41000260,107.0555,0.2640364,-5.001148,0.002079483,-0.195861,0.01094712,2.976731,0.03564658,2.990634e-05,-0.00149489,-0.0003792063,0.001286636
41100220,107.3555,0.2657467,-5.001334,0.001819785,-0.195851,0.01117026,2.97558,0.03607236,0.000837195,-0.002629911,0.0002276162,0.003910717
41200180,107.6556,0.2669412,-5.001446,0.001449304,-0.1959048,0.01154243,2.976466,0.03372066,0.0004361673,-0.002066039,-0.0006337242,0.004072793
41300140,107.9554,0.2682587,-5.001509,0.001270723,-0.1959435,0.01172109,2.97603,0.03403267,0.0003756374,-0.0003496351,4.095666e-05,0.001402969
41400100,108.2555,0.2692169,-5.001464,0.001318734,-0.1960131,0.01162862,2.97781,0.0302388,0.003270268,0.0007319537,-0.0002989928,-0.001248896
41500060,108.5556,0.2703679,-5.001404,0.00166165,-0.195792,0.01117433,2.98003,0.03136599,0.001347975,0.002422547,0.003188879,-0.004895915
41600020,108.8559,0.2713844,-5.001478,0.001828984,-0.1955272,0.01075527,2.978772,0.03120194,-6.808004e-05,5.038804e-05,0.002177981,-0.002356362
41699980,109.1529,0.2725652,-5.001389,0.00187937,-0.1954689,0.01058376,2.977089,0.03172786,0.004703762,0.001975297,0.001248399,-0.0005774046
41799940,109.4528,0.2740707,-5.001246,0.001883651,-0.1956188,0.01052426,2.977715,0.03326001,0.001004045,-0.0003397961,-0.001237965,0.0005601369
41899900,109.7524,0.2758394,-5.001199,0.001704,-0.1956391,0.01065412,2.978257,0.02969955,0.003202842,-0.001428138,0.0008280887,0.002134712
41999860,110.0522,0.2772377,-5.000966,0.001742464,-0.195698,0.01064567,2.979081,0.02978286,0.004704352,0.001487217,-0.0006513371,-0.0007988674
42099820,110.3521,0.2789414,-5.000885,0.001891772,-0.1955824,0.01037928,2.982623,0.02952226,-0.0001260685,0.0002588123,0.002578792,-0.002170969
42199780,110.6524,0.2803942,-5.000942,0.001857583,-0.1952165,0.01019532,2.984194,0.03199906,0.001335678,-0.0008818757,0.003920187,-0.0006062535
42299740,110.9526,0.282193,-5.001041,0.001686145,-0.1948,0.01022281,2.981833,0.03280369,-0.0009116165,-0.002176939,0.003614919,0.001955991
42399700,111.253,0.2837692,-5.001279,0.001302788,-0.194838,0.01050384,2.979595,0.03442859,-0.0006247008,-0.003150945,-0.001401931,0.004307742
42499660,111.5532,0.2855249,-5.001353,0.0008648788,-0.1951448,0.01091523,2.978159,0.03400615,0.0002208059,-0.002713079,-0.003265029,0.00450366
42600453,111.8553,0.2867665,-5.001464,0.0005312411,-0.1954239,0.01118772,2.97601,0.03340289,0.000993354,-0.002692598,-0.002360601,0.002811645
42700413,112.1534,0.2879925,-5.001434,0.0004616203,-0.1957442,0.01121488,2.975603,0.02968507,0.001279428,0.0008472943,-0.003846203,-0.0006018113
42800373,112.4516,0.2885938,-5.001466,0.0008068578,-0.1960592,0.01080962,2.977604,0.02751403,0.001581785,0.003246213,-0.001783682,-0.004522902
42900333,112.7496,0.289057,-5.00142,0.001330373,-0.1960676,0.01010995,2.975975,0.02378098,0.001487034,0.005411752,0.0004037566,-0.007213876
43000293,113.0476,0.2889813,-5.001428,0.002065521,-0.1961563,0.009229272,2.978484,0.02206029,0.001147051,0.005400164,-0.0007411106,-0.007864665
43100253,113.3458,0.2890418,-5.001494,0.002619466,-0.1961292,0.008445219,2.977651,0.02282764,-6.754411e-06,0.004430416,0.0009462549,-0.0064766
43200213,113.6438,0.2887444,-5.002005,0.002987674,-0.1929125,0.007943884,2.97857,0.02094627,-0.01035697,0.003289481,0.0649424,-0.003165093
43300173,113.9417,0.2887101,-5.004439,0.003393395,-0.1807588,0.00768433,2.975971,0.02346041,-0.03709201,0.004394215,0.1502195,-0.001956527
43400133,114.2386,0.2886415,-5.01004,0.003608748,-0.1631288,0.007640271,2.956766,0.02559733,-0.07555316,0.001231287,0.1851664,0.0008270819
43500093,114.5329,0.288907,-5.019417,0.003636615,-0.144655,0.00790872,2.920666,0.02562054,-0.104908,0.001311028,0.180482,0.003208293
43600053,114.8235,0.2889565,-5.029502,0.00366064,-0.1285039,0.008296657,2.868177,0.02583078,-0.1080085,0.0006084522,0.149785,0.004175249
43700013,115.1081,0.289347,-5.03994,0.003672498,-0.1156416,0.00869589,2.802475,0.0265553,-0.1083845,0.0005181513,0.117574,0.003519265
43799973,115.3846,0.2894374,-5.05055,0.003765056,-0.105589,0.009033162,2.733295,0.02735224,-0.1087469,0.002389951,0.09451029,0.003222894
43899933,115.657,0.2900414,-5.06129,0.003866499,-0.09655444,0.00940768,2.657661,0.02891432,-0.1060522,0.001602236,0.09048654,0.004332993
43999893,115.9228,0.290444,-5.071856,0.003844832,-0.08755714,0.009927048,2.577646,0.02831449,-0.1029554,0.0008015911,0.09102514,0.005934716
44099853,116.1807,0.2911745,-5.082139,0.00401009,-0.07790623,0.01049996,2.496123,0.03086175,-0.096042,0.002587094,0.1026186,0.005493836
44199813,116.4321,0.2922752,-5.091588,0.004167899,-0.07569059,0.01100746,2.411608,0.0323479,-0.08436929,0.003748267,-0.07341505,0.004218187
44299773,116.6754,0.2941828,-5.099436,0.004344249,-0.0783644,0.01111705,2.336358,0.0361458,-0.06491692,-4.477729e-05,0.04439135,-6.192899e-05
44399733,116.9124,0.2962938,-5.105186,0.004038798,-0.06169451,0.01099623,2.258811,0.03743719,-0.03913322,-0.003830894,0.2287446,-0.002280313
44499693,117.1403,0.2986455,-5.107954,0.003634083,-0.03353106,0.01084061,2.161758,0.03600751,-0.004055509,-0.003556482,0.3012069,-0.002337146
44599653,117.3582,0.3006049,-5.106995,0.003484029,-0.004182633,0.01074019,2.044261,0.03426978,0.04115199,0.0003576973,0.2825847,-0.001453741
44700446,117.5648,0.3026529,-5.100849,0.003596603,0.02088025,0.0107249,1.908684,0.03378144,0.09730133,0.002349888,0.2267763,-0.0006868509
44800406,117.7574,0.3042775,-5.089182,0.003688585,0.0391753,0.01073609,1.763664,0.03076223,0.1619092,0.001007713,0.1590025,-0.0003619878
44900366,117.9353,0.3058668,-5.070456,0.003911213,0.05182652,0.01076626,1.619559,0.02971226,0.2334642,0.002475076,0.1126386,6.397394e-05
45000326,118.1005,0.3073264,-5.045743,0.004084353,0.06078405,0.0107571,1.472781,0.02970769,0.2952257,0.001602307,0.07952639,-0.000110294
45100286,118.2506,0.3092252,-5.015112,0.003979379,0.067141,0.01072962,1.329264,0.03057326,0.348462,-0.002664502,0.05840461,0.0002468926
45200246,118.3884,0.3107749,-4.979781,0.00366543,0.07194228,0.01074874,1.191977,0.02909474,0.3943897,-0.002622717,0.04563535,0.0005372914
45300206,118.5118,0.3124093,-4.940307,0.003539518,0.07606794,0.01077229,1.057417,0.02884333,0.4278115,-0.0007197343,0.0407904,6.417686e-05
45400166,118.6227,0.3139708,-4.897906,0.003430899,0.07932685,0.01078187,0.9240502,0.02703325,0.4534715,-0.0008285772,0.02831651,0.0003241366
45500126,118.7195,0.3156655,-4.853372,0.003378991,0.08147917,0.01075695,0.8029288,0.02441859,0.464065,-0.0002737025,0.0200149,0.0001574607
45600086,118.806,0.3173723,-4.807963,0.003409204,0.08310205,0.01073332,0.6863872,0.02422566,0.4674196,0.0004414355,0.0151,0.000378412
45700046,118.88,0.3192178,-4.762161,0.003345764,0.08430158,0.01072869,0.5761954,0.02348844,0.4691754,-0.0007557656,0.01237631,0.0004341041
45800006,118.9435,0.3216345,-4.715929,0.003098592,0.0849518,0.01070624,0.4704764,0.0248159,0.4680798,-0.003964197,0.004976736,0.0004187213
45899966,118.9949,0.3241868,-4.670046,0.00269648,0.08477639,0.01069046,0.3715627,0.02268332,0.4657901,-0.004366326,-0.003386768,0.0006723173
45999926,119.0374,0.3269202,-4.623656,0.00221792,0.0836968,0.01067403,0.2794218,0.02461336,0.46359,-0.005446904,-0.0135056,0.0007187654
46099886,119.0697,0.3296282,-4.577412,0.001656184,0.08200246,0.01071146,0.1943382,0.02249136,0.4607876,-0.005477033,-0.01692476,0.0009519845
46199846,119.0937,0.3326308,-4.531252,0.00121305,0.07991137,0.01071152,0.1188086,0.02204672,0.4579409,-0.003505248,-0.0214638,0.0007609692
46299806,119.1091,0.3358605,-4.485085,0.0007495568,0.07775591,0.01067715,0.0499657,0.02209641,0.4573201,-0.005670907,-0.02100752,0.000667561
46399766,119.118,0.338929,-4.439093,0.0001959441,0.07545127,0.01066378,-0.01357613,0.02057368,0.4549474,-0.005104365,-0.0245022,0.0009345692
46499726,119.1198,0.341927,-4.393184,-0.0002891023,0.07294448,0.01068464,-0.06818356,0.02127134,0.4511737,-0.004835152,-0.02561066,0.0008762488
46599686,119.1156,0.3447961,-4.347548,-0.0009512595,0.07021125,0.010718,-0.1225234,0.02024765,0.4490197,-0.007222769,-0.02909353,0.00054825
46700479,119.1051,0.3474671,-4.301409,-0.001535334,0.0668375,0.01074746,-0.1698675,0.01980598,0.4506847,-0.005226245,-0.03489243,0.0005940688
46800439,119.0896,0.3499315,-4.255823,-0.001988096,0.06306612,0.01076339,-0.2100477,0.01670403,0.4453621,-0.003826066,-0.0385563,0.0003573369
46900399,119.0694,0.3521116,-4.210422,-0.002227633,0.05919868,0.01076775,-0.2447155,0.01497291,0.4475713,-0.001322597,-0.03885906,0.0002076515
47000359,119.0452,0.3543601,-4.164872,-0.002332306,0.05532813,0.01074374,-0.2759492,0.01278145,0.4453153,-0.0002722266,-0.0380176,0.0002206241
47100319,119.0174,0.3565201,-4.119563,-0.002433019,0.05138204,0.01071625,-0.2983397,0.009334775,0.4441637,-0.001715941,-0.03997149,0.0003104063
47200279,118.9868,0.3583337,-4.074162,-0.002498745,0.04759682,0.01070356,-0.316856,0.007815315,0.4434925,-0.0003473603,-0.03707568,0.0001975336
47300239,118.9541,0.3599297,-4.02879,-0.00257808,0.04399521,0.01073633,-0.3301374,0.006863234,0.443698,-0.001605841,-0.03678393,0.000618065
47400199,118.9191,0.3613084,-3.983549,-0.002782685,0.04055303,0.01078077,-0.3414132,0.00674459,0.4421786,-0.002662697,-0.03561727,0.0004568381
47500159,118.8828,0.36235,-3.938317,-0.003094847,0.03704882,0.01080928,-0.3491033,0.004099068,0.4432736,-0.002082573,-0.03541147,-1.842761e-05
47600119,118.8444,0.3630937,-3.892988,-0.003270156,0.03350649,0.01082474,-0.3551459,0.003755885,0.4433143,-0.002022843,-0.03658748,-9.182026e-05
47700079,118.8056,0.3637063,-3.847643,-0.003569376,0.02982688,0.01082859,-0.3537795,0.002385663,0.4421732,-0.003185925,-0.03776146,-0.0003359112
47800039,118.7653,0.3639442,-3.802408,-0.003817928,0.02639121,0.01082251,-0.3510714,0.001338374,0.4401721,-0.001835284,-0.03498828,-0.0002828718
47899999,118.7252,0.3638462,-3.757284,-0.003853889,0.02308105,0.0108158,-0.3485675,-0.001773789,0.4400249,0.0005224462,-0.0335598,-0.00030131
47999959,118.6847,0.3633519,-3.712478,-0.003693884,0.01972869,0.01080136,-0.3463513,-0.002776033,0.4402757,0.001970347,-0.03525924,-0.0002685647
48099919,118.6447,0.3628138,-3.667212,-0.003486551,0.01604075,0.01080781,-0.3355243,-0.002523098,0.442051,0.001301894,-0.03748155,-0.0001980402
48199879,118.6041,0.3622569,-3.621854,-0.003479106,0.01273755,0.01079736,-0.3258393,-0.0009165187,0.4411798,-0.001749275,-0.03150271,-0.00012112
48299839,118.5648,0.3617622,-3.57651,-0.00370749,0.009656736,0.01078823,-0.3146513,-0.0009848631,0.4399526,-0.002458151,-0.03117574,5.380274e-05
