Time_us,angl_accel_x,angl_accel_y,angl_accel_z,pos_x,pos_y,pos_z
18605727,-2.93666086164476,8.22706726807622,-0.000436215091886039,1.467481,31.18865,4.570433
18617113,-3.13300857456934,8.17705082763193,0.030330322440897,1.488179,31.18252,4.569839
18627032,-3.33469302637143,8.26610656132996,0.0752649496344501,1.512725,31.17601,4.568812
18636827,-3.66799652571362,8.16341077779158,-0.0611140242082856,1.532024,31.17312,4.56703
18646983,-3.93930206455293,8.08529008748853,0.0549452642830952,1.552872,31.16736,4.566396
18659878,-4.17119725478858,8.0596938994613,0.0223399868609379,1.579601,31.16097,4.565544
18670156,-4.43960363789733,8.10055935506731,0.0167262052818508,1.600575,31.15558,4.564948
18679890,-4.55319295883663,8.08932107392346,-0.00140664343573927,1.621568,31.15033,4.564311
18689889,-4.61357182616752,8.29858922661731,0.0220430053236099,1.642558,31.14519,4.563693
18700477,-4.49276826283986,8.39555499921252,-0.0847922871155234,1.663568,31.14022,4.563031
18709922,-4.44108437850902,8.60786987543727,-0.00694236658076305,1.683501,31.13757,4.561363
18719901,-4.37366376791578,8.68501898007581,-0.0761001012444083,1.704707,31.13271,4.560693
18730108,-4.34586046917939,8.74622271606108,0.0133165203427652,1.725974,31.12797,4.559889
18740118,-4.1847041162773,8.66095704166671,0.10687216971873,1.747277,31.12337,4.559042
18750573,-4.10085671608017,8.6249137464728,0.165142229643236,1.768616,31.11886,4.557185
18764548,-4.08466711339437,8.54079822762209,0.25613897538038,1.794235,31.11407,4.555386
18773551,-3.91018891551689,8.40648108791858,0.278643181407829,1.817798,31.10961,4.553708
18783095,-3.75930552005515,8.49785661533098,0.268657430153204,1.838264,31.1073,4.552176
18793015,-3.53422018686636,8.25559259644029,0.213407809509226,1.85989,31.10327,4.550681
18803121,-3.45275611850974,8.25814010445436,0.299389867970487,1.881508,31.09939,4.549153
18815551,-3.34332987773629,8.11564395699277,0.27292317703817,1.905807,31.0937,4.547023
18824899,-3.3074379186308,8.16221480668663,0.363223192130614,1.930133,31.08819,4.544885
18834807,-3.37874980642524,8.08340074164308,0.25355252561696,1.952431,31.08302,4.542891
18844499,-3.47243380509769,8.21996077928332,0.382170946761018,1.973418,31.08098,4.541251
18854148,-3.53844653344759,8.1842318815343,0.198114607050609,1.995794,31.07598,4.539194
18867561,-3.59949970788105,8.15963441339868,0.225253670818717,2.024562,31.0706,4.536997
18877562,-3.66394401960413,8.22535946091845,0.281422150708723,2.047061,31.06593,4.53516
18887878,-3.61186681369418,8.07636481428031,0.221679382256721,2.069558,31.06141,4.533288
18897937,-3.76075902128203,8.07607585770864,0.36948620592726,2.09211,31.05705,4.531403
18907779,-3.79532588969397,7.89011467779596,0.310989436250086,2.113606,31.05521,4.5298
18917551,-3.78883540326173,7.89583964853317,0.370702725774531,2.136292,31.05097,4.527874
19467772,-4.26168743204492,7.67929929455861,0.427989208130871,3.485215,30.89843,4.434696
19477848,-4.37789950182218,7.74945772710207,0.40471850492038,3.512364,30.89619,4.434579
19487400,-4.44527513043128,7.88099267136629,0.453844677663786,3.538186,30.89658,4.43448
19501827,-4.5071662920142,7.93630449340254,0.42449008702729,3.574641,30.8923,4.436005
19510934,-4.4175049124072,7.9552892761569,0.411207407786213,3.600534,30.89278,4.435864
19521536,-4.19399005615665,7.82011320640746,0.394269365353851,3.627761,30.89099,4.437265
20799427,-4.10764636295334,7.82825906332137,0.0869865892142893,7.417184,30.99439,4.446173
20809086,-4.24482840636506,7.86100479045525,0.228906134671966,7.448404,30.99638,4.445419
20821791,-4.41799340603396,7.88189315849252,0.33272708682936,7.483713,30.99837,4.445009
20831076,-4.46957888345123,7.75523461597096,0.37622802671842,7.518927,31.00041,4.444595
20843848,-4.47384704120581,7.68785824670235,0.503029167523876,7.551025,31.00229,4.44432
20854101,-4.56501871181745,7.58412821352759,0.613666153875283,7.594931,31.00511,4.443752
20864833,-4.5581650609638,7.50642756947279,0.777151539972259,7.626828,31.00705,4.443119
20874763,-4.59247272707106,7.4393337978508,0.751908952922597,7.658691,31.00903,4.442425
20904163,-5.03010651843202,7.18261816131469,0.633709507220089,7.752103,31.01565,4.440757
20914052,-5.19938474105839,7.20011778963475,0.595962024498684,7.783709,31.01779,4.440181
20924963,-5.16675584391453,7.32861572645486,0.619158767132544,7.815284,31.01992,4.439578
20934072,-5.02964540877957,7.59283681358839,0.58675336104722,7.845189,31.02242,4.439153
20946055,-4.84863267345175,7.75740872982138,0.603424448793427,7.879597,31.02484,4.438848
20957241,-4.47928637435149,7.97266887281891,0.62640072399225,7.917071,31.02765,4.438337
20967159,-4.14372303601857,8.1212035012819,0.473190542299362,7.948479,31.02995,4.437946
20977889,-3.88105184774445,8.18355204105232,0.526234003560238,7.979751,31.03231,4.437493
20987166,-3.25970958179092,8.1669371989371,0.547301008079795,8.011006,31.03466,4.436976
21112895,-3.51802781811174,8.09237608383588,0.563605432642527,8.409326,31.06565,4.427984
21122935,-3.48328606352107,8.18948730634508,0.545707127285144,8.441098,31.06813,4.427241
21133386,-3.61694856195364,8.3573078057581,0.549137517918481,8.472744,31.07064,4.426525
21143130,-3.70005762842871,8.4603813226012,0.395330324837991,8.504368,31.07314,4.425806
21153040,-3.82209649303998,8.5626064095415,0.465046226031073,8.534359,31.07583,4.425372
21166883,-3.94963967446702,8.51579204957037,0.445944277193956,8.579437,31.07938,4.424226
21176062,-3.95338029714671,8.51700105255717,0.417757649699448,8.606451,31.08181,4.423861
21186097,-3.78372270469802,8.4238696254457,0.432579658640437,8.637872,31.08441,4.423138
21196537,-3.76241040942724,8.36955662933565,0.553985684492639,8.66918,31.08706,4.422444
21206509,-3.71279302063933,8.25440475949361,0.517283290333569,8.700487,31.0897,4.421796
21217538,-3.56895285783399,8.22625246542586,0.677314049845101,8.738877,31.09291,4.421022
21227819,-3.35970109690182,8.27376898907301,0.729187342455637,8.771166,31.09553,4.42038
21237444,-3.18460494816042,8.20049892519433,0.82591107244387,8.801147,31.09823,4.420103
21247665,-2.89897317456028,8.34378425756333,0.960070321374239,8.833326,31.10084,4.41946
21260112,-2.70411947942076,8.44938571264882,0.947696923190664,8.871467,31.10401,4.418716
21270750,-2.62197727974993,8.50458374615436,0.95462706150433,8.900309,31.10635,4.418236
21280521,-2.7694046314438,8.55131370682197,1.12354715679393,8.931985,31.10899,4.41777
21290859,-3.04897435908281,8.51168943571322,0.972458924493086,8.963625,31.1116,4.417322
21300145,-3.57498388485214,8.30051094741416,1.02570053449138,8.993446,31.11422,4.417192
21310387,-4.10323732802387,8.12187344560845,0.929472337295595,9.025008,31.11683,4.416736
21320147,-4.58732455187625,7.85058851150787,0.942638563029812,9.056503,31.11941,4.416287
21330750,-4.81558826142992,7.71344873295608,0.83589306259256,9.087863,31.122,4.415843
21340767,-4.78073607552611,7.67110408893657,0.77195184705365,9.119192,31.12457,4.415438
21350397,-4.70808227497411,7.6046282036417,0.661400166606432,9.148936,31.12715,4.415347
21360777,-4.46282628910098,7.53927112004695,0.586043298194192,9.18019,31.12972,4.415448
21373135,-4.24724784072756,7.66333070528744,0.533698195393108,9.223143,31.13326,4.415512
21383156,-4.13705177193215,7.75178052687349,0.540820071254415,9.254186,31.13582,4.415473
21394058,-4.02048516285508,7.88532529541009,0.577879822644304,9.285171,31.13836,4.415405
21403247,-3.65364854370005,8.21529177956792,0.599564195975894,9.316051,31.14091,4.415277
21413828,-3.33491753699121,8.4474852516833,0.592526093841036,9.346933,31.14347,4.415131
21424151,-3.10435083703493,8.67269463679277,0.671238741862506,9.376625,31.14594,4.414884
21434603,-3.10082464647061,8.75728647930353,0.759051315700209,9.411648,31.1487,4.414349
21444615,-3.21562063449259,8.79456805957373,0.773247768489868,9.443563,31.15121,4.413763
21455506,-3.33538425040979,8.72278353807764,0.865528630992279,9.475422,31.15369,4.413111
21467488,-3.52772072893192,8.47272949634123,0.881469743340094,9.507189,31.15621,4.412484
21478750,-3.57736846890908,8.13949243283495,0.885810409209405,9.544806,31.15907,4.410872
21488095,-3.51439348009844,7.95457210007987,0.851834905812452,9.574562,31.16142,4.410745
21581590,-3.21801876226185,8.12359321210129,0.754770593684982,9.864545,31.18331,4.40072
21591786,-3.40319744629407,8.09502397990251,0.73180265324016,9.895659,31.18556,4.400059
21601085,-3.56736846461165,8.07641969223693,0.801456258839844,9.925406,31.18769,4.399746
21611007,-3.85553286529048,7.96961464512758,0.692285117135473,9.95651,31.18994,4.399114
21620971,-3.98463651348634,7.90735597871243,0.862017056066987,9.987537,31.1922,4.398528
21633499,-4.06538686421167,7.91133859602735,0.772723016280053,10.02215,31.19509,4.397909
21642098,-3.93283842507408,7.8983942394643,0.817606168691418,10.05667,31.19793,4.397338
21652824,-3.86721823470418,7.99174476711737,0.882115803071921,10.08815,31.20053,4.396749
21662100,-3.618492936517,8.03428078771132,0.748043400987066,10.11796,31.20258,4.396551
21861007,-2.82152690588388,8.32502083495128,0.464167090274543,10.73009,31.24873,4.374202
21870890,-2.72066273190276,8.37517021384774,0.446068558993919,10.76147,31.25123,4.37261
21884065,-2.72031577648336,8.44216718957447,0.488227703034729,10.80159,31.2542,4.371019
21893999,-2.71977838200109,8.37949518578547,0.561306488505474,10.83277,31.25671,4.369927
22038879,-2.81447520952894,8.2728697424425,0.564434802533507,11.27742,31.28795,4.360094
22048886,-2.86093190248395,8.32002357116715,0.586117948628001,11.30858,31.29021,4.359513
22058885,-2.83776033676622,8.35354331370677,0.620312629110377,11.33961,31.29243,4.358973
22068558,-2.83302573966224,8.41524995416215,0.671105054106294,11.36913,31.29385,4.359
22078547,-2.99923311728873,8.46456147260186,0.619007971559278,11.40013,31.29602,4.358477
22091870,-3.28991417391793,8.50727973571735,0.670997342829502,11.43983,31.29857,4.358097
22102572,-3.52610291650321,8.54470476148203,0.722881137225563,11.47073,31.30068,4.357159
22111904,-3.60161038449647,8.63082345054339,0.726089308595187,11.50146,31.30277,4.356269
22121944,-3.62385857009861,8.62456717059181,0.696176388833827,11.53216,31.30481,4.35539
22132078,-3.54585985187075,8.54693246949917,0.79697809545637,11.56275,31.30685,4.354575
22141824,-3.5170510408011,8.5640789107861,0.679476712679924,11.59226,31.30814,4.354636
22151913,-3.43017676541528,8.53910171244878,0.679902898244341,11.6228,31.31013,4.353876
22162076,-3.42191796263842,8.53399875468159,0.586583152876704,11.65324,31.31209,4.353108
22172078,-3.42956969406588,8.34197114395745,0.524019322254011,11.68365,31.31403,4.352369
22182075,-3.46556761156133,8.20097368414549,0.585264545430714,11.71398,31.31598,4.351686
22350547,-3.26655269676827,8.21884089302102,0.494398876297115,12.22017,31.34577,4.335666
22360161,-3.35344547582855,8.42341932744938,0.510686196159459,12.25317,31.34761,4.334087
22370580,-3.2342363654277,8.50501321469509,0.404931516739355,12.28028,31.34919,4.332644
22380745,-3.10131522827459,8.65099808795622,0.488708828041387,12.31313,31.35096,4.331275
22390845,-2.95917454854362,8.80232400878876,0.314111244994491,12.34012,31.35251,4.329977
22400103,-2.82255606994391,8.99566494536022,0.356905461036328,12.36924,31.35349,4.330165
22413385,-2.78736105986356,9.05806075318996,0.277939098602011,12.40785,31.35539,4.32907
22425168,-2.7887326253478,9.00480845355315,0.332786802293272,12.4439,31.35772,4.327409
22435335,-2.72577686491463,8.73100582249269,0.245884556823434,12.47117,31.35974,4.3259
22787544,-2.16409090652415,8.52555753256497,0.336635267004343,13.50626,31.41678,4.282834
22797643,-2.25447154288511,8.65015906912299,0.246132926492923,13.54123,31.41841,4.28179
22807122,-2.45958688875468,8.57476573695788,0.177976878626607,13.56694,31.41914,4.282417
22822802,-2.71338316519426,8.4696889079948,0.202264556276012,13.60854,31.42189,4.28108
22832935,-3.03402496537812,8.22382658959567,0.191618715328489,13.6406,31.42373,4.281394
29555537,-0.577730477568355,8.76677831032122,-0.240555859109859,27.52056,28.886,4.397427
29565020,-0.598872347180128,8.91618636265525,-0.206944186997438,27.51937,28.8663,4.397131
29576353,-0.560379904739251,8.96935036516403,-0.196961528397738,27.51641,28.84439,4.394027
29588005,-0.587765480461105,8.98023514728839,-0.245445054500742,27.51338,28.82214,4.390931
29598070,-0.753712905056475,8.9704520681357,-0.202902520369024,27.51052,28.80179,4.386399
29608005,-0.835554771978989,8.89812831671634,-0.203259214186204,27.50778,28.78141,4.382127
29620747,-0.901435305562061,8.74602539219924,-0.17296432064109,27.50326,28.75909,4.378473
29703112,-0.173108884143321,8.86534443540669,-0.251480352240634,27.47658,28.58858,4.359162
29713106,-0.113954811165473,9.0927136398281,-0.277097916604412,27.47309,28.56802,4.355327
29723119,-0.176362123194791,9.21814721509204,-0.297897297579764,27.46966,28.54739,4.351666
29733577,-0.240708152756163,9.22734007279619,-0.17110100508638,27.46629,28.5267,4.348157
29743734,-0.467893462822255,9.23251253458375,-0.206511725146306,27.46301,28.50603,4.344806
29753373,-0.6942455694699,9.02166445394419,-0.198024056782385,27.46184,28.48522,4.345203
29763108,-0.807609384996932,8.88492606105142,-0.124221182048194,27.45872,28.46445,4.342097
29773442,-0.873095775648998,8.73793050606227,-0.240276918617641,27.45567,28.44363,4.33912
29786167,-0.912603613005045,8.74409121889575,-0.18778140554418,27.45267,28.42278,4.335103
31070111,2.70095994212091,8.42852828973393,-0.371821755357946,27.18518,25.26875,4.284644
31080006,2.87596732589925,8.49993163444375,-0.386723556340496,27.18444,25.24053,4.287959
31090478,2.87668215368519,8.51683645340462,-0.365719325529278,27.18378,25.21231,4.291138
31100542,2.85644579271062,8.69135503898791,-0.352371835753813,27.18321,25.18407,4.294261
31110698,2.7005059376603,8.86372358334198,-0.418979464059307,27.18274,25.15591,4.297227
31120055,2.57020255601879,9.00352207652969,-0.495805549603213,27.18349,25.12835,4.298459
31130104,2.45162050995185,9.05243312526988,-0.486531278359297,27.18309,25.10017,4.301264
31140072,2.3981808038256,9.06791525222294,-0.485198919809486,27.18282,25.07202,4.30378
31154246,2.15548252012108,9.0167548389582,-0.456834921260597,27.18276,25.03838,4.306414
31163558,1.98173496405592,8.77624419359554,-0.457801383461115,27.18271,25.00749,4.309008
31173639,1.87103254810622,8.61214237954469,-0.52922565611365,27.18262,24.97941,4.311282
31786390,2.96344673676722,8.29815046417243,0.115130381302846,27.27942,23.2126,4.361289
31796571,2.90558792248941,8.56322947853517,0.200417328839901,27.28253,23.18361,4.36268
31806792,2.86942615087081,8.72904068292324,0.170425616546978,27.28563,23.15465,4.363962
31816407,2.86129617586679,8.75632076512001,0.166437190967167,27.28876,23.12569,4.365152
31828033,2.8852371835251,8.78915965240432,0.162727606416126,27.29225,23.09069,4.367576
31838400,2.80953407256835,8.74166630852323,0.155100911264828,27.2947,23.06433,4.369686
31848554,2.74586250993341,8.464857148109,0.150740013913823,27.2975,23.03514,4.371722
31973864,1.61579479828086,8.8200092869023,-0.297991095544103,27.33382,22.68284,4.387484
31984613,1.75908894894702,8.87593779634461,-0.263090398538203,27.33806,22.6426,4.388701
31994816,1.98744778927458,8.70355517291567,-0.265602118637264,27.34108,22.61369,4.389923
32099049,2.10446598429542,8.78235193452009,-0.505878271242857,27.37197,22.31628,4.40237
32109159,2.05792227847808,9.14665760326622,-0.571214265255246,27.37479,22.28748,4.403438
32119929,1.88183162982809,9.41746701338104,-0.681600672240307,27.37769,22.25869,4.404447
32129136,1.90063699884704,9.62782698577469,-0.697398641234476,27.38078,22.23046,4.404079
32139400,1.74421225250706,9.66270278058642,-0.652670698840924,27.38369,22.20168,4.404932
32149058,1.92381766251309,9.4572328881804,-0.554680241691435,27.3866,22.17294,4.405736
32159509,2.10490349715659,9.31709104027935,-0.480624251915149,27.3896,22.14425,4.406477
32169533,2.29953655731038,9.19218745456024,-0.415910803849389,27.3926,22.11559,4.407096
32179028,2.45397425387797,8.99723186417383,-0.317549394259531,27.39576,22.08733,4.406599
32192093,2.58405642240474,8.91686843739155,-0.295788459216268,27.39973,22.05038,4.40703
32202042,2.58109040942294,8.69711066449181,-0.207366162498975,27.40272,22.02183,4.407691
32212196,2.54765917562416,8.52775410436938,-0.204975354715123,27.40579,21.9933,4.408314
32224761,2.60032234439094,8.37491863157549,-0.203320072062562,27.40903,21.9615,4.409818
32491417,2.16089038144445,8.50999172201597,-0.480245767287398,27.49662,21.19098,4.438881
32505492,2.05452465560272,8.49640990779289,-0.431149983517803,27.5015,21.15225,4.443072
32594245,1.95420440828467,8.66204708918929,-0.330054672067445,27.53437,20.89177,4.450964
32608240,2.04241875953304,8.7406089459284,-0.347295698120855,27.53922,20.85423,4.45181
32617902,2.10498873713852,8.82282865667114,-0.341571334408278,27.54335,20.82464,4.453893
32628402,2.36163427111972,8.79043623465404,-0.267020755834556,27.54778,20.79228,4.4558
32638825,2.62292108783169,8.77384977720968,-0.266061467629497,27.55185,20.76276,4.457687
32648398,2.63975628012782,8.66174669882822,-0.329393902419172,27.55542,20.7344,4.456885
32658281,2.5773275538557,8.45879341650408,-0.362701185674383,27.55953,20.70498,4.458693
32668916,2.41840996964214,8.39051060593694,-0.355068019675189,27.56365,20.67558,4.460392
32731760,0.639862261547717,8.70400677758945,-0.290023014882192,27.58839,20.49447,4.46601
32741872,0.300582234680865,9.02012509512065,-0.253244301904661,27.59245,20.46493,4.467009
32751931,0.154837539597793,9.34373862495888,-0.219773208558356,27.59652,20.43544,4.467971
32761601,0.185638169328431,9.70193813739568,-0.176071574829697,27.60013,20.40678,4.467484
32771762,0.218405651371435,9.87335154126787,-0.159203085526922,27.60424,20.37737,4.468396
32781602,0.639685991661566,9.96807980562237,-0.113278752058534,27.60839,20.34797,4.469265
32791929,0.913665483761093,10.0020745561538,-0.0974111457646395,27.61255,20.31865,4.470093
32804503,1.29260167774551,10.0145904546341,-0.0438657726168992,27.61671,20.2894,4.470802
32815528,1.43657737199111,10.0732658208569,-0.117251099119076,27.62198,20.25164,4.472051
32827977,1.5204106776754,10.1680636477495,-0.153572246649677,27.62678,20.21914,4.474213
32837067,1.41921487463321,10.1727547771876,-0.166884602818564,27.63155,20.1867,4.476287
32846884,1.30687768819557,10.1176464590513,-0.156731929521705,27.63531,20.1582,4.47578
32856985,1.14967276450006,10.0628353252408,-0.0948398732218339,27.63972,20.12869,4.477765
32867006,1.05759790306138,10.0036802113551,-0.0891410386819127,27.64415,20.09925,4.479661
32876881,1.10480534571124,10.0231564241938,-0.154092108368535,27.64857,20.06993,4.481385
32887003,0.763015021815147,10.0291073639188,-0.150595178942145,27.65305,20.0406,4.483026
32896871,0.651173313995153,10.1298177322002,-0.0969956273208126,27.65692,20.0123,4.482379
32906825,0.396262135644664,10.1883925094355,-0.190415767140417,27.66141,19.98311,4.483845
32919517,0.286646677813097,10.2037678247957,-0.184694234993328,27.66705,19.94554,4.48503
32929605,0.229801283676512,10.12283366032,-0.160803010017062,27.67152,19.91656,4.485813
32939998,0.384219641410272,9.9192985851589,-0.300005174984259,27.67601,19.88754,4.486547
32950056,0.465480349227318,9.71521945306455,-0.32361434429083,27.68053,19.85869,4.487158
32959565,0.633701307747448,9.61486155000441,-0.302935283340658,27.68453,19.83058,4.486334
32969611,0.738677078197617,9.51401787510289,-0.37805913644402,27.68904,19.8018,4.486862
32979559,0.951896625482292,9.50380076339559,-0.242646744420774,27.69358,19.77308,4.487283
32990032,1.38992959591171,9.52335819306001,-0.357675443123207,27.69812,19.7444,4.487658
33000000,1.72111360886634,9.42053214448296,-0.285676040892281,27.7027,19.71584,4.487922
33009893,2.08297082529209,9.42355496643348,-0.256299039933851,27.7068,19.6879,4.487076
33022403,2.31557562719572,9.28453701180495,-0.232803148803251,27.71174,19.65659,4.487219
33034245,2.46563221563485,9.12273156701203,-0.273720695645746,27.7174,19.6243,4.48835
33044559,2.80414371923734,8.85896533407712,-0.144429152909667,27.72252,19.59511,4.489994
33054126,3.04377182735611,8.82337830939597,-0.181195247145997,27.72762,19.56589,4.491587
33065145,2.9805229360188,8.64980703786413,-0.19928868086135,27.73272,19.53679,4.493041
33074817,2.93933033153303,8.6060447710285,0.0103826881410165,27.73778,19.50768,4.494417
33084546,2.57744636226588,8.53438318366802,-0.0796039210617439,27.74176,19.47966,4.493878
33167586,2.72043546736603,8.43435301727257,0.0164596854247813,27.7813,19.24053,4.496545
33177937,2.87520194902482,8.54383774056356,-0.16326949386314,27.78601,19.21169,4.496526
33188157,2.98055415772708,8.58992253934751,-0.213444136599159,27.79068,19.18291,4.49646
33197934,3.01327410430633,8.77790402663692,-0.26682879596798,27.79528,19.15415,4.496253
33207817,2.99420741733864,8.97534972024411,-0.377742277990748,27.79915,19.12608,4.495286
33219242,2.78879117762081,9.06797101010294,-0.385873247177596,27.80526,19.09087,4.496187
33232133,2.50709062023317,9.10928805336825,-0.384667049144722,27.81094,19.05859,4.497056
33242321,2.0473019886795,9.14254989732647,-0.349920574739883,27.81609,19.02918,4.498179
33252167,1.36163732403968,9.05163511717173,-0.223245059928997,27.82117,18.99987,4.499172
33263038,0.89234183154141,8.94356757078457,-0.0576280171244286,27.82619,18.97059,4.50001
33272811,0.490462358497551,8.79938990358981,-0.0423882266490406,27.83119,18.94134,4.500794
33470549,0.8605428137987,8.72731643002177,0.0424262895305671,27.92326,18.37133,4.531333
33480471,0.848087272688125,8.84544989126007,0.122133456388226,27.92833,18.342,4.534588
33490088,0.744883679849358,8.90804599369334,0.123792948175121,27.93199,18.31383,4.533059
33500417,0.624991311814257,8.91240163294413,0.135077703647417,27.93702,18.28451,4.536063
33510473,0.706696142202903,8.92651104903777,0.141703623751842,27.94231,18.25233,4.538671
33520857,0.787073229397103,8.82682247147677,0.199037214695456,27.94722,18.22308,4.541263
33534039,0.816570153211545,8.74932182045303,0.222359983568287,27.95284,18.18821,4.543258
33543516,0.887641369105928,8.78351630167989,0.13358252335236,27.95811,18.15633,4.546786
33553759,0.900887137895111,8.76718513051216,0.104351326536058,27.96292,18.1272,4.550222
33563060,1.00708993236593,8.73997005516343,0.217495902809822,27.96656,18.09894,4.548466
33573064,1.19384758745353,8.76686449661142,0.172556102568494,27.97135,18.06986,4.551635
33583087,1.31186695357835,8.70612644405729,0.126892466061864,27.97605,18.04073,4.554586
33593296,1.47495562508426,8.67381245290949,0.189571592581744,27.98071,18.01168,4.557315
33603780,1.53186683732575,8.72215547885543,0.151508636259805,27.98535,17.98263,4.559829
33615898,1.4811479894819,8.70538299336369,0.182290954222346,27.99096,17.9506,4.562738
33624546,1.40793786518363,8.72342870163905,0.23383030973917,27.99454,17.92229,4.560744
33634136,1.43336983523929,8.7664459312686,0.194689607902497,27.99967,17.89312,4.563141
33647941,1.3438742544654,8.73395882964517,0.30613669669113,28.00575,17.85557,4.564681
33658564,1.25430813686698,8.70543833640691,0.249679901683673,28.01072,17.82656,4.566704
33667887,1.14620383233357,8.71503866092456,0.248567206945669,28.01563,17.79753,4.568577
33916346,1.8507577626521,8.67301011530363,0.174373676779107,28.12719,17.08897,4.584715
33926059,1.84707224320518,8.85766561029169,0.096344274322856,28.13178,17.06015,4.585549
33936547,1.81433641410067,9.16962672315888,0.034972148131933,28.13629,17.03131,4.586268
33946020,1.77593177220703,9.38181451553977,0.0799338377580271,28.13925,17.00315,4.584059
33959096,1.7470950502462,9.61718558835181,0.0874506609490241,28.14446,16.96582,4.584121
33969046,1.77719937272426,9.76350877105965,0.180948416429335,28.14871,16.937,4.584745
33979091,1.8806596986377,9.79206182573356,0.212115627135031,28.15293,16.90821,4.585285
33989577,2.00896856727973,9.78702765361324,0.166309603048738,28.15704,16.87945,4.58567
33999813,1.93262909190695,9.62150724237829,0.202980093996587,28.16109,16.85069,4.585959
34011907,2.03944896104383,9.54075793055517,0.241982316923224,28.16655,16.81863,4.586603
34020566,2.02257574013258,9.54242657569521,0.277301376474065,28.16921,16.79055,4.584373
34030602,2.0497933239337,9.58221237699687,0.264349559065972,28.17421,16.76153,4.585094
34040535,2.09790794154326,9.48458919774889,0.331399727707635,28.17908,16.73262,4.585646
34055490,2.22252432651846,9.45985254240724,0.238310029080896,28.18407,16.70087,4.585829
34064414,2.30560369798959,9.39631261505755,0.222951707160851,28.18919,16.66633,4.586492
34074861,2.39127325696321,9.30347548678435,0.146099143843173,28.19375,16.63748,4.587393
34084834,2.38774826897323,9.23962289943736,0.0863742507140348,28.19815,16.60866,4.588112
34094159,2.23682914906234,9.18612057929024,0.0296733262681745,28.20058,16.58059,4.585857
34104485,2.23668400561687,9.20128347984561,-0.020867326369199,28.20486,16.55181,4.586496
34114142,2.22114646980928,9.2255471730768,-0.0544083811953698,28.20902,16.52305,4.586999
34124826,2.14637430033036,9.19888051088471,-0.17049899545079,28.2131,16.49432,4.587446
34134729,2.1911555395225,9.04379501887389,-0.0920992764179018,28.21705,16.46569,4.587721
34144498,2.40745352996611,8.92767229112901,-0.108430767348025,28.21928,16.43766,4.585504
34154129,2.40116255079879,8.83130505319253,-0.0879081031864933,28.22313,16.40905,4.585695
34167789,2.43374867412639,8.76303327255558,-0.0472084258493199,28.22747,16.37209,4.585004
34177760,2.3774257393623,8.68623082812203,-0.0768665925764706,28.23113,16.34357,4.585918
34187994,2.28325667753551,8.60607982702037,-0.0787814262607968,28.23468,16.31509,4.586678
34197955,2.33573258702291,8.52824860289879,-0.0390988117757419,28.23811,16.28663,4.587277
34207912,2.33361921916829,8.465632443085,-0.121489508783752,28.2401,16.25863,4.585063
34312906,2.09250146535755,8.60611114394762,-0.290153710739387,28.2771,15.95672,4.588403
34322595,2.4352064956747,8.84433029092654,-0.243435810494644,28.28047,15.92797,4.588636
34332911,2.61032742304497,9.03206864236432,-0.289751711919047,28.28372,15.89923,4.588731
34342851,2.748823807415,9.28010385009974,-0.268816803622859,28.28531,15.87116,4.586342
34352775,2.88606745765938,9.58482378132862,-0.268191750768712,28.28846,15.84242,4.586424
34364426,3.08371230734557,9.78011241065612,-0.308172630096382,28.2918,15.80823,4.586441
34375985,3.22244451294375,9.77013856106065,-0.363452815537226,28.29484,15.77677,4.586621
34386156,3.34097176930167,9.85058342980984,-0.365451312039647,28.29762,15.7482,4.58691
34396135,3.31381114969904,9.88991623241664,-0.467004032140975,28.30036,15.71966,4.587135
34408517,3.18852133375696,9.86505608949187,-0.460848661122165,28.30428,15.68767,4.587754
34417825,2.99587546719933,9.79461552422053,-0.408545445754591,28.30806,15.65576,4.588297
34427110,2.79424619227096,9.60678518958182,-0.442437657329398,28.30939,15.62778,4.586211
34437120,2.81306027102935,9.4177138219315,-0.415443908166932,28.31291,15.59881,4.586859
34447120,2.74360245761999,9.19941394012298,-0.4295558878932,28.31629,15.56984,4.587411
34457927,2.81358688816767,9.02838213505296,-0.42472292109128,28.31959,15.54091,4.587858
34470055,2.81008231803409,8.88377048476359,-0.382153528415684,28.32279,15.51204,4.58825
34481005,2.86957413992732,8.86206092509846,-0.323104305169883,28.32632,15.47479,4.587417
34490796,2.90688407336321,8.77976054139448,-0.347992316330159,28.32752,15.44686,4.585317
34500629,2.95203836860243,8.69017864887979,-0.347806798287774,28.33053,15.41806,4.584926
34510581,2.80528998384737,8.59482293687484,-0.387880490172124,28.33342,15.38931,4.584427
34520845,2.78359005415613,8.62881120848599,-0.458383424012282,28.33625,15.36059,4.58384
34530945,2.72325275946558,8.62662752930193,-0.468068663384757,28.33895,15.33195,4.583141
34540620,2.59113714500672,8.6353902675596,-0.50270604061339,28.33999,15.30401,4.580875
34550865,2.52656105876626,8.59852249109949,-0.575317524710688,28.34255,15.27534,4.580061
34560531,2.54312511169337,8.55677566927651,-0.574150319195492,28.34507,15.24675,4.579144
34573501,2.3660298704322,8.38472968935124,-0.583131214780493,28.34746,15.21819,4.578826
34718614,1.83314297352869,8.69174805304995,-0.227048169545216,28.37563,14.79872,4.572222
34728980,1.58405837970029,8.78982036922824,-0.26500164075443,28.37745,14.77032,4.572782
34738970,1.45365112716304,8.99451998950005,-0.288060192969406,28.37923,14.74199,4.573286
34748827,1.303235188728,9.19873021740217,-0.271957111469463,28.3799,14.71394,4.571193
34758946,1.30378373693105,9.34059889964044,-0.256177746392744,28.3816,14.68567,4.571621
34768905,1.52098802461828,9.4270268163745,-0.2644752239282,28.38327,14.65738,4.571996
34781796,1.60205344390556,9.54057556271933,-0.292044470099689,28.3849,14.62911,4.573439
34792958,1.67458809455377,9.54593290321483,-0.251172420513711,28.38668,14.59238,4.573906
34802515,1.77630376044373,9.64598996880609,-0.274877018642804,28.38881,14.56423,4.57553
34813844,1.84184204933428,9.70147199431587,-0.276743561344809,28.3908,14.53879,4.577168
34823052,1.76382638296416,9.6472700058393,-0.221136988861555,28.39148,14.51077,4.574689
34833055,1.85735668417109,9.54816572616829,-0.258001253787489,28.39351,14.48238,4.575867
34843078,1.86183205908978,9.29391154770889,-0.33272825133415,28.39542,14.45402,4.576868
34853522,1.78966652046793,9.09114426856495,-0.342483026497199,28.39734,14.42567,4.577755
34863883,1.77654279893197,8.9984705701532,-0.36186754078983,28.39923,14.39738,4.57851
34873058,1.62400851928062,8.96965943975009,-0.340067456790358,28.39995,14.36948,4.576035
34883063,1.54783915229276,8.78787133714473,-0.257378517313562,28.4018,14.34119,4.576599
34896041,1.37270336434527,8.75605196505544,-0.25272516612058,28.40388,14.30176,4.57616
34906110,1.41128266152157,8.6258432538856,-0.141576636767691,28.4056,14.27356,4.576738
35104754,2.02729523905276,8.63092988500987,-0.0444889764343999,28.4369,13.71737,4.577296
35114145,1.86472194624269,8.88384292279016,-0.0458430632158032,28.43765,13.68952,4.575016
35124782,1.80077958985117,9.09131064355103,-0.107426199099155,28.43924,13.66133,4.575867
35134148,1.58432696565269,9.19731420586169,-0.1621639517781,28.44077,13.63312,4.576656
35144498,1.30250477656556,9.33951614012445,-0.133517342056171,28.44224,13.60493,4.577307
35154822,1.16502057850252,9.46303082389005,-0.106046834678196,28.44368,13.57669,4.577932
35164476,1.08142110353462,9.52778433079033,-0.155900388100102,28.44437,13.54874,4.575866
35174467,1.0587250047295,9.43440191709139,-0.0135205329916997,28.4458,13.5206,4.576381
35184644,1.21187929564943,9.42808902742207,0.149325928771898,28.44721,13.49243,4.576771
35197059,1.38270747891053,9.27839333270978,0.137098007075031,28.44856,13.46429,4.578527
35207948,1.6102801048257,9.25048542045417,0.241589643451875,28.45001,13.42782,4.579618
35220035,1.65642560221964,9.25511946631186,0.162143191069469,28.45176,13.39976,4.581748
35229724,1.50386515312153,9.31720356763729,0.196933821059017,28.45351,13.36879,4.583455
35239718,1.44262246822327,9.36512719613856,0.228739158683776,28.45517,13.34072,4.585232
35249136,1.11799744831079,9.45788950101919,0.192244712975164,28.45583,13.31283,4.583279
35259106,0.954111317561823,9.50368411833489,0.26051095466723,28.45745,13.28483,4.584879
35269123,0.775137903998654,9.59108846597036,0.360507307202171,28.45906,13.2569,4.586339
35279109,0.665362458477107,9.7616510947048,0.23584239150808,28.46063,13.229,4.587643
35290092,0.450826106258006,9.90042319403998,0.157646375093997,28.46212,13.20113,4.588763
35301952,0.359605661104059,9.92343119374762,0.176495981961982,28.46368,13.17046,4.589514
35312469,0.431087550676323,9.85425421887347,0.0858485590230441,28.46548,13.13138,4.59008
35322735,0.537240564863601,9.8255299935842,0.140084161146959,28.46687,13.10351,4.591266
35332129,0.693274463773197,9.7569544541444,0.113455895706003,28.46758,13.07569,4.589216
35342832,0.765484096799629,9.71025459846967,0.0713054066723578,28.46903,13.04789,4.590347
35352418,0.966577254738819,9.54307606643254,0.129081211304805,28.47041,13.02015,4.591249
35362166,1.04137179974909,9.49237134832461,0.0321282871251171,28.47179,12.99239,4.592033
35372788,1.1401469049008,9.45513719504066,0.0137224545824546,28.47315,12.9647,4.592643
35382105,1.24408837385239,9.52416182180316,0.0523627728428716,28.47388,12.93699,4.590466
35392141,1.3355682595177,9.44687980088062,0.0220324373780386,28.47522,12.90931,4.590908
35404897,1.2378982490438,9.42120358469726,-0.000373275012120425,28.47717,12.87549,4.592007
35416950,0.982328567212241,9.26217493320441,0.0264729114790497,28.47913,12.84164,4.592921
35427156,0.886269245636598,9.1591691778696,0.073165205095031,28.48085,12.8161,4.594711
35437248,0.783514946966714,9.05422410095185,0.0500284541175278,28.48261,12.78778,4.596137
35447825,0.793006419597836,9.07519667433829,0.150114752621126,28.4844,12.75947,4.597466
35456972,0.923775193411456,9.10413089941917,0.0490777990459978,28.48526,12.73172,4.595641
35467039,0.935624223385684,9.07640578619145,0.105334250162855,28.48698,12.70346,4.596746
35476977,0.959059075438999,9.06201559404909,0.0216972283941118,28.48869,12.67524,4.597737
35487538,0.78600658569437,8.82534214304305,-0.0072409464961076,28.49034,12.64701,4.598527
35520145,0.416422553285624,8.76462479649465,0.111716043499332,28.49485,12.55464,4.597286
35530395,0.399031498992214,8.8884129867121,0.0622938963831979,28.4964,12.52652,4.598279
35540388,0.589916750520898,9.05439908663523,0.178914390701048,28.49795,12.49845,4.599113
35550526,0.690382545171981,9.10964734716232,0.0328238286010735,28.49945,12.47036,4.599815
35560720,0.640140636045543,9.08410701497781,0.189967407653107,28.50093,12.44228,4.60039
35570249,0.769508844269994,9.20863995533627,0.135910585340769,28.50187,12.41463,4.598426
35580147,0.898403817025767,9.20949451411877,0.127207250642056,28.50333,12.38655,4.598918
35590390,1.11938695823802,9.33999949112097,0.231991210573074,28.50478,12.35859,4.599261
35600813,1.34832208756076,9.5087617175824,0.136267887073753,28.50622,12.33062,4.59948
35612985,1.68365661010417,9.65988725548972,0.261590461326237,28.50761,12.30268,4.599624
35624110,1.90764815046102,9.6162230555627,0.168652763955326,28.50996,12.26115,4.599823
35635518,2.11566883885968,9.53412283320626,0.187641592407838,28.51189,12.23056,4.600492
35645896,2.1438605082555,9.39144514683579,0.081611498250775,28.51365,12.20261,4.601374
35655540,2.08737902568879,9.29522827694242,0.0281353839512849,28.51455,12.17502,4.599345
35665538,2.08418489142354,9.21188322990237,-0.0319043570513021,28.51624,12.14719,4.600056
35675946,1.96775273329261,8.99883364482666,-0.0618356376904179,28.51788,12.11934,4.600648
35685561,1.7359033567357,8.90159507688751,-0.00147658966704428,28.51946,12.09159,4.60105
35695839,1.57760653461037,8.86396008814619,0.0210933892426855,28.52099,12.06377,4.601316
35705655,1.43076946538997,8.8547738728096,0.0282401761801186,28.52184,12.03625,4.599158
35715559,1.36745242722079,8.805649522161,0.069656078162218,28.52331,12.00852,4.600094
35728862,1.23915977323273,8.85093812943527,0.135823890085649,28.52493,11.97252,4.600329
35738995,1.18259016748639,8.8659188043233,0.1738751940746,28.52629,11.94477,4.600891
35748867,1.04321852712642,8.91465002667578,0.185579360519657,28.52763,11.91701,4.60128
35758822,1.06338536836521,8.91238682817283,0.345709147659005,28.52887,11.88922,4.60156
35769052,1.00050256524161,9.10939716492562,0.315483585609743,28.53013,11.8615,4.601712
35778823,0.873613418684741,9.31152514723475,0.341753335041081,28.53088,11.83393,4.599389
35788852,0.878225840423487,9.48534498105279,0.385782593551882,28.53204,11.80622,4.599415
35798992,0.809944277603918,9.59815728294582,0.293981986917411,28.53322,11.77855,4.599349
35809000,0.838660433455603,9.65294510254669,0.316177225071536,28.53432,11.7509,4.599135
35821792,0.743974307411371,9.64319054315208,0.229405652495807,28.5354,11.72326,4.598847
35834475,0.68971123457847,9.7701021914098,0.234846383871302,28.53715,11.69005,4.599084
35844503,0.528794254557956,9.79802115156519,0.207199311995813,28.53853,11.65676,4.598912
35854064,0.558618410968192,9.80706836336813,0.208845200359933,28.539,11.62916,4.596387
35864221,0.539805333481461,9.87068325908307,0.138871140469027,28.5403,11.6015,4.596645
35874127,0.585237282188822,9.7999428706041,0.190010550031958,28.54155,11.57382,4.596769
35884031,0.810253158277934,9.60943814580011,0.260344599177928,28.54277,11.54617,4.596801
35894133,0.94950308354063,9.48056794945767,0.198955274057639,28.54393,11.51855,4.596673
35904013,1.01417485347422,9.3270946654241,0.250357547943332,28.54433,11.49091,4.594183
35914051,1.11106625604329,9.27266395922197,0.328950900380761,28.54545,11.46329,4.594044
35925792,1.11736622092892,9.29859239383468,0.313059905361214,28.5466,11.43012,4.593518
35937084,1.20921904545258,9.2970546600653,0.301232306070166,28.54773,11.39987,4.593092
35947064,1.31156896280838,9.41326586376567,0.23670016496105,28.54871,11.37226,4.59281
35957735,1.37965481898125,9.47138031396033,0.285730318274249,28.54963,11.34465,4.592445
35967512,1.3856852393897,9.5348211333461,0.268310880127004,28.55057,11.31431,4.591792
35977047,1.42839114165969,9.55652244692833,0.125836015728325,28.55087,11.28947,4.589654
35987165,1.27902384965449,9.69186622706173,0.145379892824136,28.55171,11.26189,4.589201
35997080,1.12070061643858,9.78763967410082,0.0917181583975476,28.55255,11.23436,4.588748
36009524,1.12194930713341,9.87121764304112,0.00552978749975495,28.55397,11.20381,4.58889
36018461,0.926806023071103,9.88877479906947,-0.0740982110667667,28.55538,11.1733,4.588955
36031161,0.84712591091696,9.88363340936984,-0.069108600620198,28.55669,11.14561,4.589145
36041916,0.750828024155709,9.75015416346735,-0.0100617049972245,28.55806,11.10968,4.589524
36052105,0.658058974399564,9.614433544512,0.0561553414239011,28.55931,11.08207,4.590493
36061911,0.54314239680527,9.54467579868527,-0.000816771711913175,28.55964,11.0546,4.588315
36071922,0.584167981532766,9.45675629387782,0.0582937863466328,28.56085,11.02697,4.589132
36082101,0.645836766120469,9.50607027840005,0.119780952157506,28.56203,10.99938,4.589821
36092099,0.854271692219371,9.55395299520054,-0.025187323958734,28.56315,10.97179,4.590374
36102120,1.06871756390344,9.58701657853807,0.0316036206022578,28.56429,10.94419,4.590871
36111898,1.25113195587322,9.67381674584685,-0.055879891942614,28.56468,10.91673,4.588799
36122122,1.34448826389465,9.6465522780697,-0.0458056458174379,28.56578,10.88916,4.589173
36133511,1.48572877724458,9.69477064622278,-0.0812147495106971,28.56692,10.8561,4.588753
36144993,1.49557493432244,9.8693818990729,-0.109269645724482,28.56804,10.8258,4.588365
36155484,1.49596140437019,10.0430287936205,-0.207904758909425,28.56905,10.79824,4.58806
36164879,1.43802950772233,10.15242414165,-0.0645527888217366,28.57007,10.77066,4.587733
36175549,1.39251869861409,10.3156197827413,-0.103126715812284,28.57108,10.74315,4.587334
36184869,1.34753070722655,10.2919661999466,-0.0308949607778321,28.57151,10.71569,4.585235
36194858,1.30332769355821,10.310367861639,0.0689500021080416,28.57254,10.6882,4.584798
36205119,1.3648489502114,10.3433178307728,-0.0322994304151709,28.57349,10.6607,4.584233
36217133,1.33648392282828,10.3061504929792,0.113061560391995,28.57495,10.63043,4.58422
36226114,1.42545133978211,10.2914048951444,0.106666220121345,28.57639,10.60016,4.584071
36238879,1.4076449556935,10.2044227097028,0.0832305210936291,28.57764,10.57537,4.584194
36250021,1.47341005284013,9.87894876629015,0.0602832322665957,28.57914,10.53938,4.583092
36259126,1.52565832832171,9.46866871338036,0.209127288228915,28.57973,10.51186,4.581038
36269120,1.57102306234859,9.22348570305337,0.0949312252638478,28.58108,10.48421,4.580433
36279148,1.58591925856042,8.98027587412467,0.106832105923394,28.58245,10.45658,4.579796
36289613,1.49933706946159,8.956348712393,0.156590394694161,28.58374,10.42897,4.579043
36299962,1.33201941015232,8.7899660596593,0.105273975607625,28.58503,10.40135,4.57821
36309425,1.10224371330523,8.68294467301078,0.254596031712585,28.58559,10.37383,4.576079
36329126,0.879856822022442,8.70956071896687,0.117749270353646,28.58802,10.31854,4.574213
36342075,0.798756591347553,8.69444451256483,0.150992672473973,28.58919,10.2909,4.572662
36353066,0.831533110684168,9.11610291946466,0.13196710584241,28.59056,10.25504,4.570362
36362415,0.814719518013718,9.56302233933733,-0.00640083496021509,28.59166,10.22744,4.568676
36372829,0.852663498281647,9.84268129529397,-0.0352345487693254,28.59277,10.19984,4.566994
36382392,0.733310874538101,10.0453807749006,0.0405237140181701,28.59329,10.17225,4.564826
36392849,0.815683298771954,10.0542703985378,-0.0747429534647051,28.5943,10.14464,4.563142
36404385,0.804773874981829,10.038766294971,0.0376099421956486,28.59529,10.11703,4.5615
36413971,0.791905171616697,9.92436297557515,-0.0105005847675805,28.59692,10.08662,4.560703
36423971,0.866692726173509,9.78871035064927,-0.00571847064080955,28.59846,10.05896,4.560047
36433531,0.850988488707335,9.68286294073476,0.194899828884358,28.599,10.03141,4.55807
36443441,0.889278731205076,9.71309475299885,0.173494538096693,28.60044,10.00372,4.55737
36456783,0.926122724251124,9.42592951511522,0.21242025222665,28.60202,9.967842,4.556068
36466699,0.938551143877022,9.14498446083146,0.240959660605702,28.60335,9.940175,4.555372
36477015,0.940197003131946,8.97626988855328,0.298069756136957,28.60462,9.912514,4.554657
36487022,0.971904747802142,8.85417755525864,0.158701104859725,28.60588,9.884839,4.553878
36496837,0.915563325170064,8.82486838975846,0.20256740528795,28.60631,9.857221,4.552064
36506829,0.88234379076828,9.0718146182088,0.236873077725687,28.60749,9.829602,4.551262
36516829,0.867473401151235,9.33581683611673,0.229484442431244,28.60861,9.801967,4.550322
36527140,0.884037618604521,9.57332103738696,0.388693962566998,28.60964,9.774287,4.549393
36537009,0.975763145821801,9.74790167098118,0.247370777880121,28.61067,9.746658,4.548386
36549860,1.0601363106565,9.75676420947844,0.266170631597134,28.61164,9.718957,4.547335
36561049,1.28192690829384,9.95566218393101,0.255718213616147,28.61258,9.683182,4.545297
36570762,1.54472925081902,10.213357471286,0.301120034723812,28.61297,9.655865,4.543519
36580531,1.75968650916568,10.4413949438871,0.272307427799405,28.61386,9.628428,4.542081
36590538,1.95299080080136,10.5545040887122,0.224973276766292,28.6147,9.601041,4.540645
36600942,2.15270906184212,10.6097602582981,0.234394123909432,28.61556,9.573707,4.539175
36612400,2.43738774800546,10.5640331471322,0.0561401099612851,28.6168,9.546264,4.538534
36621993,2.73842953103296,10.4964345573312,-0.0267602250895634,28.618,9.51609,4.53772
36631835,2.86859092555578,10.4807280002573,-0.091263020193199,28.61832,9.488752,4.536065
36641826,2.98886524080089,10.5888780832659,-0.106554730329622,28.6194,9.461276,4.535382
36653161,2.99430656754869,10.8596955640156,-0.0682317346540675,28.62057,9.428514,4.534346
36665104,2.97322945851314,10.9555580450272,-0.082140206329389,28.62156,9.398438,4.533403
36675797,2.8705781416713,11.1216691186818,-0.0996017190746199,28.62245,9.371078,4.532579
36685401,2.63559460932821,11.1489433478128,-0.191903948437228,28.62332,9.34374,4.531775
36695773,2.47476648335421,11.1897668975811,-0.102872153233748,28.62407,9.316439,4.530926
36705328,2.07301682229552,11.1828138657628,-0.0506352359045134,28.62415,9.289159,4.529685
36715075,1.72878640974913,10.9895573129021,-0.0160864301209322,28.6248,9.261957,4.528949
36725134,1.20932270684274,10.7357638040839,0.129568865181653,28.62542,9.234757,4.528249
36735722,1.0113083686843,10.5140641844505,0.12847932990243,28.626,9.207701,4.527518
36745733,0.701443447286983,10.1836240526486,0.158033076515834,28.62652,9.180642,4.526685
36755127,0.753072887902671,9.86470421575576,0.214729136776059,28.62644,9.153562,4.525513
36768896,0.597796657829237,9.63256909169946,0.20417564918929,28.62732,9.115693,4.525369
36778135,0.590826386852846,9.31017765874761,0.164393291953088,28.62718,9.088605,4.524052
36788562,0.687298189826151,9.08970638897451,0.13126158525837,28.62749,9.06163,4.523916
36798248,0.790201092188824,8.97684828047238,0.232480966604536,28.62778,9.034674,4.523692
36808101,1.13707378633646,8.96191178386537,0.0708797838517359,28.62794,9.007726,4.523334
36820104,1.3924807904967,9.0518910162273,0.0693893953979758,28.62871,8.980544,4.523611
36830386,1.80784201706955,9.35226250320193,0.0127774689794857,28.62938,8.950695,4.523706
36839894,2.00464143956253,9.52331482231996,-0.0275751095234095,28.62911,8.923807,4.522321
36849999,2.2263753290571,9.64083840729041,-0.033289970432763,28.62971,8.89669,4.522413
36862768,2.34995722033408,9.72482320888999,-0.154680178406701,28.63023,8.869687,4.523215
36872962,2.50371981238806,9.67912733654581,-0.158130595052232,28.63062,8.834671,4.523364
36883138,2.49709017546784,9.5733824528916,-0.270520975007109,28.63108,8.807621,4.523843
36893012,2.57508943705726,9.53044530334832,-0.0946893586243065,28.63146,8.780601,4.524214
36903155,2.48903092554005,9.49338813794979,-0.195656205134293,28.63183,8.753587,4.524527
36912959,2.39659719924376,9.50996815397373,-0.225415996017853,28.6314,8.726702,4.522947
36922878,2.15185520940961,9.46051466511042,-0.180170297277857,28.63165,8.699658,4.523155
36933069,1.92225446773142,9.43717847548287,-0.18311142978996,28.63186,8.672716,4.523252
36943075,1.47687697158929,9.38296764498154,-0.277179413935246,28.632,8.645736,4.523205
36953123,1.30003841252795,9.40894063772172,-0.264684852980236,28.63202,8.618763,4.52309
36962994,0.938530957686131,9.43277478884063,-0.345500639803079,28.63158,8.591885,4.521549
36976516,0.722356645903782,9.50562093552932,-0.316693557092997,28.6314,8.556819,4.520972
36986080,0.841706234067419,9.64303056259427,-0.204701209811011,28.63135,8.532576,4.521539
36996065,0.858274019924686,9.65356559798042,-0.243012819058225,28.63112,8.505662,4.521945
37006547,1.17634075151675,9.61638681992121,-0.218328006319526,28.63085,8.4788,4.52229
37016660,1.3286741257035,9.51330677925213,-0.215654749620975,28.63058,8.451952,4.52253
37026081,1.55904133109059,9.52375697605383,-0.17759820728486,28.62992,8.425118,4.521155
37037063,1.94120008714298,9.4217519519058,-0.183117422026487,28.63017,8.395293,4.522126
37047075,2.35301468893369,9.4836657748188,-0.203236104778072,28.63046,8.368132,4.523148
37057701,2.49014380108177,9.6302501575867,-0.295042753963108,28.63065,8.340959,4.52402
37071827,2.62800866435321,9.75479343447407,-0.250348692225142,28.63065,8.308413,4.524627
37081075,2.50622971211317,10.0143845686068,-0.255690937727889,28.63076,8.278294,4.525565
37090933,1.99233093391835,10.5236197972524,-0.110284843847823,28.63098,8.250796,4.52651
37100985,1.74056601877438,10.9499426548883,-0.104274017661381,28.63106,8.220549,4.527222
37110819,1.3662165839067,11.2524350450486,-0.124236566350863,28.63044,8.193299,4.525719
37120641,1.21636084017655,11.4451105000331,-0.0427396740690719,28.63054,8.165801,4.526522
37130877,1.12987354812663,11.5849801652094,-0.12979085234623,28.63057,8.138314,4.527228
37140874,0.88379537162854,11.3989095788409,-0.156937348841701,28.63059,8.110842,4.527859
37150961,0.67360551659563,11.0886643992114,-0.102826226239116,28.63056,8.083443,4.528414
37160549,0.662762633961414,10.7239607021134,-0.0705409131052747,28.62991,8.056218,4.527004
37170776,0.687465330874245,10.4107756170066,-0.16780536897323,28.62985,8.028799,4.527499
37184026,0.87204647380166,9.99284650059425,-0.229696185423401,28.62961,7.993178,4.527264
37193952,1.22138855377516,9.37597192581618,-0.289244213825083,28.62951,7.965774,4.528731
37204486,1.42413898870448,8.98901429497589,-0.344982103342549,28.6294,7.938418,4.530037
37213944,1.64071349301728,8.79470121643078,-0.464201062198203,28.62921,7.910966,4.531213
37224747,1.78216497610317,8.71623247351548,-0.460587938321858,28.62897,7.883519,4.532231
37233949,1.88223854305399,8.62460781234719,-0.533499181640302,28.62837,7.856244,4.530699
37245110,2.00968475401212,9.01951574260522,-0.588015436814325,28.62865,7.823388,4.532192
37255535,2.21701956963036,9.34428549541635,-0.491191994282877,28.62899,7.795966,4.533808
37265582,2.27316386053564,9.69051866149811,-0.458682109219407,28.62923,7.76848,4.535249
37279792,2.34360137877189,9.90694189673245,-0.317059480226627,28.62942,7.738302,4.53632
37289036,2.32626937443003,10.0739163317541,-0.178322633020853,28.6295,7.708202,4.537704
37299119,2.25711862171881,10.106640724153,-0.184591496404819,28.62957,7.680918,4.539175
37308120,2.17057466199302,10.1008127153246,-0.2052337273933,28.62888,7.653787,4.537577
37318405,2.09798205609,10.0315846550396,-0.074743671736182,28.62894,7.626519,4.538918
37328133,1.9534487789234,10.0040421985644,-0.0553410170837637,28.6289,7.599242,4.540093
37338832,1.92113223308273,10.019084269038,-0.0399433511145388,28.62887,7.571942,4.541173
37348768,1.81558535968733,9.84469991205522,0.0929343163543619,28.62878,7.544675,4.542118
37358585,1.83313292599973,9.80063416264302,-0.0240798709302604,28.62809,7.517504,4.540474
37368117,1.71883533432084,9.61147123887157,0.0128356746693336,28.62798,7.490218,4.541281
37378533,1.72657846746059,9.60257441196297,0.0203575206499135,28.62779,7.462887,4.541937
37393099,1.68768000351557,9.55084676922762,-0.0916998579844324,28.62741,7.430102,4.542185
37404165,1.62997422118534,9.5749016979931,-0.241269410104425,28.62708,7.400113,4.543314
37414526,1.59384113364622,9.58210372031997,-0.223894958404283,28.6273,7.366883,4.545105
37424485,1.57396117029799,9.62675163266802,-0.115943166315674,28.6276,7.339218,4.547088
37434076,1.56606852365558,9.65268737059587,-0.153568897193711,28.6279,7.311604,4.548901
37444897,1.58897398121873,9.61743461121729,-0.025668030071047,28.62809,7.283952,4.550542
37454074,1.60225473279039,9.71508315234939,-0.0310130624880443,28.62743,7.256669,4.548886
37464503,1.48211306963306,9.80771857036835,0.0145417501514174,28.62764,7.229001,4.550397
37474519,1.55063516555032,9.9728475455604,0.0203484939294735,28.6278,7.201305,4.551746
37484137,1.51172272257779,9.99743028251608,-0.0347632396149131,28.62791,7.173643,4.554935
37497055,1.54164804846314,10.0378804733689,-0.00773634652715812,28.62781,7.137725,4.557405
37506905,1.57811996180739,10.065120581429,-0.0718184671083072,28.6278,7.110091,4.560254
37517152,1.5324406612443,10.1927377273581,0.0394298421397669,28.62779,7.08243,4.562971
37526904,1.44474680242812,10.3159990591895,-0.134881146094569,28.62712,7.055166,4.561393
37537083,1.44681705041904,10.3852244516197,-0.100304001726666,28.62704,7.027516,4.563902
37547110,1.46829231837042,10.4946843389188,-0.165038260969274,28.62695,6.999961,4.566188
37556982,1.44962021566157,10.3829314280572,-0.282280301385492,28.62686,6.972333,4.568327
37567167,1.47747359111654,10.2949239558915,-0.136721072365997,28.62676,6.944772,4.570267
37577052,1.41871377095287,10.170371913784,-0.23392560059371,28.62609,6.917442,4.568643
37586983,1.48009895088908,10.0791988047516,-0.12667579335791,28.6259,6.88986,4.570385
37600128,1.4461610389717,10.0148545076585,-0.0971414429876643,28.62556,6.854121,4.571465
37612033,1.39586693592495,10.0225522231239,-0.0164124707934592,28.62537,6.826548,4.572984
37621782,1.67447192632668,9.74889212818548,-0.1623580242188,28.62572,6.793252,4.574804
37631143,1.74330464690871,9.50230639583842,0.00326734405590432,28.62615,6.765461,4.576766
37641390,1.73248425742172,9.30449288291613,-0.0817067411453247,28.62643,6.737654,4.578508
37652001,1.63574786441461,9.11818951886685,-0.0237383665993922,28.6267,6.70986,4.580098
37661414,1.45116873591698,9.01792196901608,-0.0590938954814081,28.62599,6.682496,4.578152
37671497,1.22853898470366,8.83944621482988,-0.114347540188214,28.62629,6.654701,4.579505
37681845,1.1384267401046,8.84266967207307,-0.000698071412092366,28.62646,6.62689,4.580652
37691152,0.966223308953114,8.89679531245318,-0.134188765246206,28.62662,6.599071,4.580965
37706112,1.0516811956483,9.01683307746436,-0.153503721457669,28.62654,6.56048,4.580392
37715577,1.32287158048777,9.21016656414987,-0.0541459543411288,28.62666,6.532737,4.58032
37725778,1.37917531054146,9.55397558217069,-0.00894941931982797,28.62675,6.505001,4.580084
37735418,1.53760151046311,9.6413179135895,-0.0864187886837621,28.6262,6.477628,4.577811
37745487,1.72801082415518,9.70181484070036,0.0155977574434153,28.62624,6.449907,4.577452
37755488,1.73208976658099,9.68241103540208,-0.115521500346064,28.62626,6.422152,4.577079
37765804,1.79785165352459,9.80483420250249,0.05403486963658,28.62623,6.394451,4.576564
37775830,1.80842467092842,9.77456807817948,-0.0256332937772654,28.62619,6.366686,4.576016
37785143,1.70541711355986,9.71238134643231,-0.0456173440115116,28.62558,6.339287,4.5738
37795516,1.70559372744638,9.6684946455785,0.0291378373153877,28.62547,6.31153,4.573205
37808833,1.59435267593304,9.54584654435489,0.0535822322373682,28.62531,6.278183,4.572178
37819158,1.42573121875569,9.30225885937496,0.00461260506554408,28.62522,6.247596,4.57271
37830484,1.02447449916887,9.2499153760113,-0.00265167477331938,28.62605,6.219341,4.574228
37840761,0.820767330301755,9.37768305113562,-0.000882139653167252,28.62682,6.188414,4.575433
37850941,0.597822577227506,9.53294190897302,-0.0544135044965129,28.62761,6.163005,4.576907
37860818,0.454849317324229,9.70641481352771,0.0308614883763448,28.62829,6.13214,4.577855
37870415,0.523688211842422,9.83496700749278,0.025859747994637,28.62794,6.1073,4.576149
37880166,0.583566482399847,10.0846651428788,-0.00959812838517943,28.62859,6.076409,4.576998
37890510,0.747279981987432,10.2087927306337,-0.0195971628813019,28.62929,6.051116,4.578095
37904573,0.691209414729562,10.271541660294,-0.0152943106648431,28.6298,6.017488,4.578438
37913977,0.598750688149806,10.3941595746564,-0.0750136558775849,28.63046,5.986763,4.579355
37923858,0.395863136142971,10.5442094765148,-0.142920441785568,28.63116,5.95879,4.580434
37933393,0.420120409048039,10.5396936910407,-0.0880245405623268,28.63104,5.931179,4.578939
37943402,0.279507478846179,10.6271560581699,-0.162965263610382,28.63175,5.903192,4.579907
37953397,0.220854131900279,10.5835528226163,-0.147538765291101,28.63249,5.87531,4.580746
37963953,0.280883731755542,10.6590627123765,-0.0559099692874197,28.63321,5.847411,4.581446
37973820,0.249111681756504,10.5499234769643,-0.195575220473473,28.63391,5.819589,4.581996
37983668,0.349796413201726,10.5153507673732,-0.0527189641096458,28.63387,5.791974,4.580441
37993392,0.276443440381761,10.5105785727406,-0.200176921151774,28.63458,5.764127,4.580872
38003520,0.433287608878575,10.4593615300171,-0.1146789488584,28.63532,5.736335,4.581168
38017984,0.482182424762127,10.4714117509491,-0.162846078801207,28.636,5.705791,4.581168
38028921,0.630221493496227,10.3491745822739,-0.0560105501723163,28.6374,5.666959,4.580841
38038964,0.709509651407069,10.1101464057425,-0.198666666856199,28.63869,5.638952,4.581181
38048844,0.935119833203686,9.90565761077848,-0.0385495832207009,28.63996,5.611034,4.581422
38058971,0.997998652839831,9.74017666627144,-0.142612690780801,28.64119,5.583076,4.581566
38068825,1.12305814598884,9.53952066482078,-0.0868202749393857,28.64128,5.555531,4.579811
38078803,1.18361063913098,9.39436567655389,-0.104738362261542,28.64249,5.527618,4.579789
38088836,1.2124620642247,9.23955857950665,-0.0458491590649047,28.6437,5.499715,4.579709
38098986,1.29358703400726,9.17471701754961,-0.0387519217352229,28.64484,5.471809,4.579481
38110085,1.19587179797419,9.19423635364322,-0.0611381539987052,28.64597,5.441113,4.578928
38122022,1.26727912130045,9.15209778631985,0.0786246490900498,28.64706,5.407708,4.578805
38131850,1.31138360672118,9.23283827787382,0.0304062055806471,28.64812,5.379756,4.57899
38141493,1.43736373984594,9.43009442376033,0.235334457812491,28.64833,5.352199,4.577027
38151510,1.53082916406126,9.5292241381577,0.108491852988798,28.64934,5.324248,4.57708
38161445,1.68373370727246,9.70354215975116,0.178120521356639,28.65034,5.296363,4.577075
38171359,1.6761153595572,9.85792304179039,0.0916614069737963,28.65129,5.268505,4.576882
38181995,1.67249050364666,10.1226354935915,0.107091640453834,28.65225,5.240656,4.576651
38191437,1.60893778451385,10.3106984125904,0.025243203484088,28.65245,5.213073,4.574646
38201581,1.6400993370967,10.4548054132363,0.0196099538435141,28.65332,5.185199,4.574338
38211428,1.57527480990932,10.4574573008962,-0.0422439668738486,28.65418,5.157417,4.575541
38226242,1.56332332096954,10.5084526327476,-0.0826913376479638,28.65499,5.126789,4.576499
38236923,1.49671762333238,10.5977389892909,-0.0905201459377333,28.65661,5.090511,4.577489
38247385,1.34154832160156,10.6841957643279,-0.192147915908745,28.6581,5.0625,4.578753
38257502,1.13951390419072,10.7029759490644,-0.264560507726729,28.65948,5.034477,4.579869
38267522,0.985846777721469,10.6939183950081,-0.188415739541639,28.66085,5.006496,4.580881
38276976,0.876822613939654,10.6872909857781,-0.319459931432769,28.66123,4.978941,4.57888
38287000,0.841181340026818,10.5963520266252,-0.169047716919887,28.66254,4.950979,4.579771
38297100,0.92841477162157,10.673956625994,-0.266881899220841,28.6638,4.923066,4.58052
38307241,1.05765290459609,10.6868203064644,-0.213461979169511,28.66498,4.895146,4.581125
38319895,1.19751720742176,10.7397925510166,-0.183588261405379,28.66618,4.867249,4.581676
38330602,1.24860087467243,10.6965619172963,-0.237401140261697,28.66728,4.831207,4.582161
38340865,1.33131291747908,10.6690365100325,-0.214808242945569,28.66825,4.803357,4.583109
38350791,1.442788856091,10.5220582451892,-0.242792133007347,28.66846,4.775899,4.580789
38360545,1.66738568718456,10.4807224315934,-0.17115739455301,28.66932,4.748075,4.581561
38370772,1.72613784556194,10.4165573825393,-0.319648723302989,28.67017,4.720309,4.58221
38380990,1.85833903094192,10.3399396706193,-0.112221912010842,28.67102,4.69255,4.582682
38390941,1.81818377852135,10.3027419530489,-0.278076040416422,28.67173,4.664814,4.583031
38400522,1.74230853745626,9.96450229203183,-0.202143859355989,28.67188,4.637375,4.580665
38411035,1.5136870991953,9.70854798514518,-0.162703115541935,28.67253,4.609668,4.580823
38422063,1.48669255919856,9.53293832409122,-0.221781946103171,28.67363,4.578613,4.581489
38436989,1.38984076501556,9.4138410273204,-0.184880908569496,28.6745,4.547598,4.581507
38446647,1.20411168857894,9.41640776079131,-0.136409900578553,28.67529,4.51391,4.581051
38456154,0.908870610018706,9.53032320296262,-0.0495600849457438,28.67601,4.485693,4.581037
38466645,0.526658915589509,9.60864654808009,-0.123730874500737,28.67672,4.457547,4.580893
38476128,0.300318661592471,9.78275210440167,-3.25713585483389e-05,28.67666,4.430138,4.577981
38486437,0.0782312721590271,9.83998496256524,-0.131237341249052,28.67736,4.40204,4.577666
38496403,0.201646196601651,9.9090008440138,-0.140616633705177,28.67799,4.374008,4.577179
38506111,0.147281617888933,10.2253263717752,-0.226318679482329,28.67861,4.345963,4.576574
38516402,0.354602124636338,10.4909040444811,-0.152105019501553,28.67925,4.317972,4.57588
38526088,0.342876430718236,10.6618946902953,-0.155153326505082,28.67927,4.290589,4.572879
38539099,0.55023435388593,10.7972216714038,-0.109944226340783,28.67984,4.254496,4.571096
38549133,0.863196498893585,10.7437050280802,-0.126610054026557,28.68037,4.226562,4.571002
38559069,1.44715136548707,10.6351470713123,-0.173192990534634,28.6809,4.198671,4.570793
38569780,1.88033910645308,10.4205307719916,-0.0735893768418033,28.68148,4.170817,4.570507
38579635,2.28095655871158,10.1116071919783,-0.0926373345698835,28.682,4.143048,4.570078
38589076,2.43954389075481,9.77938589188935,-0.0898066462842309,28.68199,4.115691,4.567314
38599242,2.44969918468445,9.51137961554796,-0.0446846810425811,28.68242,4.087973,4.567041
38610620,2.43173258843327,9.12358109564964,-0.0953396087870705,28.68365,4.054011,4.56713
38620573,2.27473858036556,8.88300674077313,-0.251475846802464,28.68479,4.025463,4.567564
38635114,2.22177224272322,8.74371990535675,-0.257330408465634,28.68587,3.991649,4.567593
38644561,2.21017308034348,8.69911015009237,-0.418521306123405,28.68694,3.960637,4.5688
38654115,2.03275868822705,8.5333933055051,-0.510267686921743,28.6879,3.932452,4.569952
38664797,1.75316567892394,8.70197827759008,-0.541006559124366,28.68881,3.904279,4.570998
38674165,1.62738656067168,8.9518741305526,-0.604430618319402,28.68875,3.877237,4.568769
38684246,1.45451509341249,9.24082931179518,-0.665720617611668,28.68957,3.846483,4.569515
38694549,1.48654094122363,9.65957908365553,-0.679385952068622,28.69034,3.821127,4.570587
38704164,1.58347208881528,9.95297998306987,-0.579910318421926,28.69104,3.793199,4.57129
38714543,1.7376540489111,10.3248568846113,-0.54190487664449,28.69168,3.762688,4.5717
38724199,1.79842418580357,10.5114525414691,-0.430823936306664,28.6915,3.738485,4.569787
38735962,1.75871101718403,10.549467935768,-0.399894464135249,28.69194,3.705395,4.570813
38747167,1.52045995599803,10.4489978270377,-0.326715762409912,28.69237,3.672479,4.57183
38757245,1.42323220269232,10.4015270752865,-0.247512994415184,28.69274,3.645043,4.573033
38767410,1.22351008618557,9.92732528027319,-0.236877711254906,28.69309,3.617681,4.574103
38777788,1.0326411814218,9.45909239374417,-0.182481525036133,28.69341,3.590439,4.575014
38787913,1.09924658154007,9.15203551772793,-0.0842824533791649,28.69365,3.563227,4.575725
38797322,1.09480822457774,8.95796767486044,-0.129819544509035,28.6933,3.536749,4.573679
38807778,0.995774332079815,8.78606868768206,-0.124576721577696,28.69352,3.509709,4.574183
38818825,1.24420707301644,8.69942203462641,-0.0634320776572824,28.69409,3.479507,4.575162
38829083,1.43728950598552,8.62518261789975,-0.118157646555225,28.69463,3.452081,4.576125
38843001,1.72156128239136,8.6434775648568,-0.145997779840639,28.69505,3.419509,4.576511
38852889,1.94971058977597,8.68578456555456,-0.161537723811167,28.69538,3.389719,4.577832
38862054,2.0362119421486,8.70664332775725,-0.147812198974846,28.69576,3.362581,4.579286
38872149,2.1815668342554,8.88784066373217,-0.181112412067088,28.69609,3.33566,4.580538
38882536,2.11548000251394,8.98284230676413,-0.200656319803104,28.69627,3.306177,4.581348
38892080,1.97560105462451,8.95864125286028,-0.187729509565149,28.69573,3.280248,4.579049
38902099,1.86197482245031,8.90971739777065,-0.160598098911647,28.69587,3.253577,4.579957
38912727,1.7445908168377,8.8553339335161,-0.260114184197476,28.69597,3.226976,4.580724
38922085,1.3446014483332,8.67060046897708,-0.231234597023793,28.69597,3.200467,4.581326
38975087,0.553770343015824,8.72501837660425,-0.218395129578026,28.69411,3.059791,4.580804
38985707,0.769826092205854,9.05638456279709,-0.202225861267046,28.69371,3.03383,4.581133
38995167,0.806012227903456,9.26975671873218,-0.321880723915836,28.6932,3.007959,4.581344
39006809,0.973334017740518,9.38520687746078,-0.291873429744088,28.69309,2.978697,4.582105
39017067,1.05062613297374,9.48709336700152,-0.185740212585843,28.69297,2.952096,4.582989
39026842,1.19361144933976,9.55925155735644,-0.220766910615684,28.69195,2.926919,4.580609
39037081,1.23209519221802,9.58447881788264,-0.216790830663488,28.6917,2.900532,4.581344
39048112,1.14646080476345,9.5754323664824,-0.141290122760119,28.69117,2.869287,4.581369
39060000,1.09520786749382,9.50723871533849,-0.143095539822508,28.69078,2.843167,4.581717
39070069,1.18103614288078,9.49385838879483,0.0260377637836999,28.69028,2.817245,4.581714
39080002,1.25641321119191,9.55739230581903,-0.0372405533697237,28.6897,2.791364,4.581648
39089950,1.14540157780259,9.39704332769621,-0.109755022098984,28.68836,2.766721,4.579206
39099611,1.13878230064914,9.36434263979551,-0.0390603060181933,28.6877,2.741057,4.57906
39109621,0.990861526734967,9.31699854135765,-0.0176464072794045,28.68691,2.715494,4.578798
39119988,1.08190478553388,9.30404182702816,-0.155961724467425,28.68602,2.690019,4.578454
39130077,1.09753066518551,9.36462386440474,-0.169974458422929,28.68507,2.664679,4.578069
39139603,1.38760578218654,9.48131317847552,-0.163680792094979,28.68347,2.640439,4.575673
39149888,1.66367973101133,9.60809173704733,-0.200235918246455,28.68237,2.615275,4.57518
39162793,1.90041096909494,9.76639674793242,-0.206119154613441,28.68067,2.583064,4.573819
39172919,2.02422677265501,9.88051339282227,-0.293574430765074,28.67936,2.558241,4.57445
39182949,2.2321350477511,10.0187074289537,-0.248282244206867,28.67802,2.533536,4.574967
39193000,2.53206541172236,10.2773679532769,-0.144815855191753,28.67657,2.508959,4.575349
39202812,2.82050918154399,10.4674571493237,-0.153851870101217,28.67464,2.485188,4.573061
39214068,2.91896852044579,10.5565603332403,-0.177187128077901,28.6733,2.457832,4.574057
39224518,2.82373732524194,10.5827157974782,-0.103625759905837,28.67202,2.432991,4.575089
39234529,2.65854488713383,10.5574147387948,-0.117724755510769,28.67064,2.408319,4.575997
39244158,2.04227365299311,10.3646443016073,-0.137708521996036,28.66917,2.383807,4.576816
39257051,1.63605940047038,10.2706397162988,-0.117171889743918,28.66754,2.359481,4.577437
39267152,1.24073230666767,10.2332122151371,-0.0403456183038001,28.66475,2.32601,4.577754
39277821,1.01425351905719,10.1625219273857,-0.0172300578043057,28.66287,2.30199,4.578837
39287089,0.939116051459809,10.0154573450256,0.0429252007809372,28.66034,2.279085,4.576667
39297396,0.801335419458857,9.88645128247457,-0.00525818292896583,28.65832,2.255278,4.5776
39307164,0.675884652715009,9.78190289490897,0.0458489358553692,28.65625,2.231632,4.578442
39317784,0.672991218451408,9.76947197194856,0.0371307772540861,28.65409,2.208157,4.579173
39327925,0.795598754237927,9.78860912742972,0.0620801285373323,28.6518,2.184825,4.579742
39337164,0.935986226315526,9.83171705140131,-0.0195393636235911,28.64891,2.162415,4.577734
39347387,1.41894924955328,9.91321489585142,-0.00818667707614103,28.64649,2.139367,4.578273
39360083,1.76071576824147,9.96683339824956,0.00330223820161779,28.64393,2.1164,4.579546
39371065,1.9996129471231,9.98483370257885,-0.0674370918387987,28.64041,2.087044,4.580138
39381524,2.19873293854594,10.031962613004,-0.0713915755206062,28.63758,2.064538,4.581091
39391135,2.13823687552794,10.0649544212919,-0.151402659954286,28.63464,2.042156,4.581857
39401535,2.03313335537394,10.0816439003746,-0.0586536812369074,28.63164,2.019907,4.58253
39411142,1.94501915005225,10.0689998103568,-0.0866951761643855,28.62825,1.998443,4.58049
39422241,1.95734816899086,10.1372192379361,-0.0631313990650034,28.62545,1.973539,4.58152
39432062,1.94703652495086,10.194215971029,-0.0517462168571333,28.62286,1.950923,4.582504
39442244,1.96549606692331,10.2384572149688,0.0395440603472483,28.62022,1.928467,4.583419
39452061,2.00342001365978,10.4017739824904,0.040225777370119,28.61746,1.906198,4.584146
39464944,1.91718705582338,10.414737526229,0.0507953417830454,28.61452,1.884076,4.58477
39475908,1.96117680695861,10.4341268821388,0.00658446337016959,28.60981,1.853755,4.585555
39486091,1.98371302201938,10.4639565215526,0.0393920254571829,28.60656,1.832055,4.586896
39495899,2.05224171704684,10.5497140268703,-0.0412270221415889,28.60245,1.81151,4.584772
39506091,2.10959214206041,10.5457326418995,-0.0853207417952575,28.59907,1.790124,4.585958
39516013,2.15311525308023,10.5012428869443,-0.0316198153618127,28.59557,1.768839,4.586968
39525910,2.31951429896691,10.5374113053364,-0.0734791511396187,28.59191,1.747735,4.5878
39535835,2.25820960508978,10.4766691844522,-0.122783127457155,28.58815,1.726772,4.588515
39546080,2.26558800543539,10.4467771300259,-0.0599872300663274,28.58429,1.70601,4.589086
39555961,2.17235840659922,10.3374251238803,-0.0480498951374577,28.57975,1.686272,4.586886
39568719,2.19372050704118,10.3302354511442,-0.100011352591382,28.57564,1.665752,4.589101
39579036,2.19227272643236,10.2935887686508,-0.0865716600555426,28.56999,1.639586,4.590449
39589105,2.11596852932469,10.2184002319385,-0.0369586563001799,28.56565,1.61946,4.592282
39599106,2.06890231982443,10.1353738055237,0.0770824179033525,28.56129,1.599503,4.593956
39609160,2.14671911013426,10.1110249757311,0.0120185621771334,28.55723,1.57699,4.596184
39619898,2.14401770676762,10.0965829439516,-0.095515660558558,28.55351,1.55656,4.598392
39630158,2.11051667089973,9.98448256221573,-0.0446135388213455,28.54966,1.536358,4.600422
39639892,2.0965282839958,9.95328482095874,-0.033801605714005,28.54447,1.51774,4.598148
39650078,2.07213530970692,9.90388209066733,-0.118366142629056,28.54038,1.497857,4.599915
39660551,2.11725066748196,9.82279137023259,-0.152599808060342,28.53616,1.478147,4.601527
39673993,2.08691203818452,9.72926209739018,-0.120383324297192,28.53067,1.455032,4.602528
39683140,2.2849403683494,9.75461113535412,-0.120729042164708,28.52563,1.433923,4.603985
39693111,2.25326219944089,9.72180804714415,-0.189095533661947,28.52103,1.414816,4.605383
39703026,2.35318574592775,9.704331337407,-0.12342975808946,28.51524,1.39699,4.603043
39713093,2.31435295566037,9.61161986629929,-0.163982974336483,28.51039,1.3782,4.60428
39722963,2.48171774957847,9.60822299490317,-0.164856580983488,28.50542,1.359625,4.605283
39733148,2.45586128394648,9.58601993087182,-0.169756680503544,28.50032,1.341165,4.606119
39743555,2.69108894916764,9.63737877986501,-0.147904761088637,28.49505,1.322923,4.606788
39753074,2.86245653681538,9.61781429297112,-0.21916353419794,28.48887,1.305769,4.604347
39763080,3.06438265545277,9.70949514381903,-0.176720531075516,28.48339,1.287813,4.604794
39772975,3.17929549101122,9.72600537256836,-0.17574199988228,28.4778,1.269971,4.605109
39787769,3.04889971097843,9.63613657860256,-0.163965931200849,28.47071,1.249049,4.604799
39796643,3.11027184442486,9.69297420658235,-0.165179401922312,28.46341,1.228242,4.604966
39806551,3.07005273418099,9.65482934430177,-0.314274120595468,28.45728,1.210972,4.605422
39817146,3.07685642041967,9.7335851462623,-0.256389537367099,28.4509,1.191485,4.606391
39827859,2.980154450989,9.80106249467329,-0.222259399272527,28.4451,1.173797,4.607552
39837164,2.93615367973284,9.82129169165465,-0.222726993971596,28.43807,1.157782,4.605049
39847963,2.87870950673677,9.84110986312748,-0.299142250124682,28.432,1.140479,4.606096
39857954,2.80319271727614,9.97354732269713,-0.197824995842628,28.42579,1.123397,4.606966
39867352,2.64030186822628,10.1427752626789,-0.193638415303524,28.41947,1.106464,4.607738
39878003,2.68037485316455,10.3773392330648,-0.241483307872488,28.413,1.089774,4.60809
39892140,2.76853600300465,10.5578573503457,-0.333605196563733,28.40557,1.071756,4.608063
39901538,2.81402449375274,10.6323901136008,-0.386093993989389,28.39812,1.054003,4.607574
39911094,2.7647170265035,10.6618080471659,-0.320672800748001,28.39052,1.039035,4.604736
39921077,2.72610747100472,10.5377763399358,-0.29285205968275,28.38364,1.02316,4.604376
39931083,2.78167604988914,10.4108897124078,-0.273503157073533,28.37658,1.007566,4.603924
39941529,2.81573600234213,10.2419757204187,-0.385461107826842,28.36939,0.9921626,4.603397
39951796,2.90257569175295,10.0717925896259,-0.369674621870063,28.36208,0.97699,4.602703
39961119,3.015867111446,9.76455349716035,-0.341848489339308,28.35398,0.9628046,4.599958
39971062,3.32386857966724,9.45166355059849,-0.346845060659764,28.34645,0.9479749,4.59914
39981067,3.48127540714008,8.95057825070853,-0.433900554162002,28.33884,0.9332625,4.598279
39995520,3.61111252887111,8.58650083098972,-0.369580537956316,28.32937,0.9160278,4.596701
40004920,3.79150115900907,8.37081176585091,-0.29709498126918,28.31974,0.8991148,4.596173
40014122,3.78807421103053,8.27706870083616,-0.285052018227944,28.31165,0.885073,4.596025
40026496,3.85833216233823,8.25879966786992,-0.354915213769936,28.30432,0.8706582,4.596697
40036103,3.82240521710318,8.31054509482891,-0.495142575476865,28.29547,0.8576466,4.593969
40046247,3.92937198678811,8.4572928540356,-0.460907092261429,28.288,0.8438653,4.594703
40056243,3.72966729218656,8.48065373019583,-0.488090161981739,28.28036,0.8302509,4.595272
40066475,3.66458147851692,8.6255137703523,-0.504929649776315,28.27249,0.8168581,4.595695
40076476,3.3948221758275,8.71695010982014,-0.620014710854287,28.26445,0.8036012,4.595984
40086097,3.1714409428947,8.98881274771074,-0.527431043832737,28.25509,0.7915668,4.593421
40096082,2.8207850976219,9.08117654353224,-0.517182481951924,28.24682,0.7786444,4.593581
40109026,2.57844085805716,9.08841329902556,-0.529195193390205,28.23646,0.7636433,4.592968
40119100,2.76389270870078,9.10163182122682,-0.533910928457137,28.22881,0.7524717,4.59324
40129436,2.7338328285916,9.01259580253413,-0.520425436871648,28.22007,0.7402496,4.593198
40139586,2.86788339585602,8.96186428883889,-0.394957539303162,28.21122,0.7282433,4.593023
40149007,2.97073709054535,8.82183918056945,-0.357370307592571,28.2013,0.7171167,4.590446
40159477,3.33985161799225,8.83588047728699,-0.344035643680607,28.19218,0.7054624,4.590191
40169109,3.50195306420067,8.7533677832947,-0.46407260822512,28.18289,0.6939795,4.589913
40179606,3.65402487941417,8.79250703794041,-0.411590521150797,28.17351,0.6827171,4.589468
40189746,3.77976239791248,8.74395092123716,-0.400841759818161,28.16396,0.6715949,4.588908
40199198,4.07654725767831,8.8566203978563,-0.479881037983347,28.15342,0.6612418,4.58629
40212241,4.20057604129529,8.91214093249276,-0.540778758743609,28.14034,0.6474494,4.585019
40223332,4.16745810680437,9.01199295258445,-0.615116562409588,28.12969,0.6351783,4.58645
40233447,4.28392480748947,9.16784583541444,-0.596669782862263,28.11996,0.6243674,4.58796
40243857,3.97902990936892,9.22657163801396,-0.632363197636022,28.11005,0.6137185,4.589249
40253835,3.80707171615543,9.38924641961336,-0.682951493039954,28.09996,0.603219,4.590353
40263430,3.51364407795426,9.37672869782369,-0.767933264423806,28.08866,0.5939673,4.587807
40273518,3.42957918903576,9.47633291659927,-0.744659417629651,28.07832,0.5837802,4.588819
40283164,3.29246564384136,9.38270783116823,-0.762350913219463,28.0678,0.5738341,4.589689
40293826,3.3533228260416,9.36711396066284,-0.806975006464918,28.05713,0.5640393,4.590429
40306394,3.25360408568686,9.19632981801179,-0.790086234991014,28.04632,0.5545031,4.591002
40317129,3.40852212070451,9.0411716956727,-0.760379040204033,28.03178,0.5425708,4.59178
40326615,3.43368715054918,8.84916750062086,-0.692868080436443,28.01985,0.5341252,4.58931
40336740,3.41746433798793,8.66359195431589,-0.674422856932475,28.00863,0.52504,4.59071
40346814,3.56171735827338,8.4509644961323,-0.733813543548922,27.99726,0.5160539,4.591999
40356600,3.47267743602888,8.26737042594918,-0.75582516032083,27.98577,0.507256,4.593115
40367005,3.39984534936645,8.22738964154116,-0.6918366617569,27.97419,0.4985563,4.594093
40376599,3.27526319730834,8.18531248058457,-0.678457875221133,27.96177,0.4907717,4.591598
40386805,3.33401223546486,8.21966333732624,-0.789488151606445,27.94993,0.4824066,4.592418
40396600,3.11450230948886,8.35523476088889,-0.771290595011865,27.938,0.474242,4.593047
40410581,3.11997897608846,8.457205687117,-0.789761823262862,27.9248,0.4650982,4.595244
40421831,3.18189591736557,8.51044204777783,-0.868157855077762,27.90761,0.4539718,4.596449
40431879,3.2468177324532,8.46564896975027,-0.948024107785877,27.89544,0.4459569,4.598561
40442055,3.48721083721041,8.50321770481256,-1.07385216963264,27.88312,0.4381305,4.600428
40452063,3.75217301104172,8.4752833765085,-1.08595441143697,27.87069,0.4303761,4.602103
40461861,4.11001258880598,8.4957576495676,-1.04640526162646,27.8576,0.4235289,4.599604
40471878,4.252643609808,8.43969269836249,-1.02956219467348,27.84498,0.4159906,4.601051
40481825,4.41031172472786,8.37244669858799,-1.10081318710386,27.83221,0.4086578,4.602299
40492059,4.3282918346052,8.23806307485205,-1.05514487628903,27.81934,0.4014426,4.603392
40502113,4.31020427806136,8.03345410988045,-1.05962796877253,27.8064,0.3943911,4.604314
40511864,4.18588727523736,7.94107197817984,-1.03291016967036,27.79289,0.3880828,4.601802
40524825,3.94300449241916,7.87443425374915,-0.985920584552571,27.77837,0.3806852,4.602327
40534245,3.95090616795474,7.8214920602983,-0.964722160823753,27.76512,0.3742215,4.603793
46304824,2.87797398528398,8.27534777497453,0.192698772703432,13.04136,-0.09285509,4.566372
46314025,2.84232328735002,8.32554631720888,0.128472016039183,13.01099,-0.09508118,4.564471
46616819,3.228378820831,8.12597097183028,-0.186482314653912,12.15968,-0.1480526,4.539081
46626480,3.31960186493657,8.08324843874012,-0.158267023539141,12.1281,-0.1499192,4.537799
