Time_us,angl_accel_z
1039584,1.51695864741293
1079568,1.78997834825217
1119552,1.86879366852078
1159536,1.88076026662342
1199520,2.0487710228771
1239504,1.92900470412911
1279488,1.80407744856107
1319472,1.69289101254679
1359456,1.61679171172473
1399440,1.55215766457354
1439424,1.50079986603839
1479408,1.4606538220057
1519392,1.41570787824739
1559376,1.35201508951687
1600193,1.30576904973745
1640177,1.25619837222435
1680161,1.2053730482138
1720145,1.17396441474853
1760129,1.15209784672834
1800113,1.12052804698713
1840097,1.09824764157997
1880081,1.06844096422015
1920065,1.01927084080077
1980041,0.949098633993801
2040017,0.889518921988357
2099993,0.816869221464155
2159969,0.760456622404166
2219945,0.701505454297931
2299913,0.629219688070846
2379881,0.567826291365481
2479841,0.485592227228823
2599793,0.394388714534801
2739737,0.304133591513859
3419465,-0.0630682942138864
3700186,-0.159940442980963
3900106,-0.213825137027348
4060042,-0.261745065629538
4199986,-0.302166459539126
4339930,-0.317007350431967
4459882,-0.352008731312686
4579834,-0.377824147451495
4699786,-0.394155101378032
4799746,-0.400771006835565
4899706,-0.401588856372548
4999666,-0.422772389851248
5099626,-0.439523192164269
5199586,-0.43361319813636
5299546,-0.446568014166661
5399506,-0.465012892381958
5499466,-0.468055347678361
5599426,-0.464820568967664
5699386,-0.477991158296465
5800179,-0.483179209265441
5900139,-0.485255664648656
6000099,-0.484476608302293
6100059,-0.484877798698416
6200019,0.441223436791818
6240003,1.17245264927427
6279987,1.4760376046952
6319971,1.20217261669607
6379947,-0.726725296537125
6419931,-2.54875701915414
6439923,-3.34170318401584
6459915,-3.99854153815114
6479907,-4.50412212156139
6499899,-4.84516386732566
6519891,-4.99324892691942
6539883,-4.97312374726459
6559875,-4.85569060319896
6579867,-4.69829304103983
6599859,-4.53663043405353
6619851,-4.39642944260431
6639843,-4.28433431043727
6659835,-4.19696207422068
6679827,-4.13003483885129
6699819,-4.08268080185226
6719811,-4.04331724612802
6739803,-4.0091558459819
6759795,-3.97072078926084
6779787,-3.92725424201926
6799779,-3.88170508419396
6819771,-3.8341354326891
6839763,-3.78608836845008
6859755,-3.73170844988726
6879747,-3.68033954622717
6899739,-3.63286844156531
6919731,-3.58471872889025
6939723,-3.53898119363731
6959715,-3.49529982546213
6979707,-3.44769037738095
6999699,-3.39863813165532
7019691,-3.3453970705119
7039683,-3.28611894841667
7059675,-3.22919147627574
7079667,-3.1733922313245
7099659,-3.11487089963151
7119651,-3.06878706295472
7139643,-3.03457526010959
7159635,-3.01054383056391
7179627,-2.99409631226976
7199619,-2.99234450656276
7219611,-2.99367001457565
7239603,-3.00666817706358
7259595,-3.02815021653905
7279587,-3.04997078469121
7299579,-3.06780042164776
7319571,-3.0775054840892
7339563,-3.08586837513006
7359555,-3.08796972249067
7379547,-3.08569754424798
7399539,-3.08095705193233
7419531,-3.07475185593917
7439523,-3.07449174260567
7459515,-3.06788735500998
7479507,-3.06775076968215
7499499,-3.07432947718624
7519491,-3.08121523461664
7539483,-3.08185764583905
7559475,-3.08278346425794
7579467,-3.09653823447418
7599459,-3.09722173545865
7619451,-3.10432472167153
7639443,-3.11132244571002
7659435,-3.12462426283993
7679427,-3.13623527347772
7699419,-3.13999045280008
7719411,-3.14788120259754
7739403,-3.15327099907255
7759395,-3.16085981145769
7779387,-3.15624835930453
7799379,-3.15322435715178
7819371,-3.14651280276477
7840196,-3.13104579629072
7860188,-3.1206881973559
7880180,-3.10490548611894
7900172,-3.0966296559158
7920164,-3.08442139817523
7940156,-3.08128604327416
7960148,-3.07593913895665
7980140,-3.07910905964193
8000132,-3.07972717445606
8020124,-3.08371825019365
8040116,-3.0844948553763
8060108,-3.07643390124864
8080100,-3.06652666083086
8100092,-3.05549248011462
8120084,-3.05028190463908
8140076,-3.04153694905312
8160068,-3.02688311587278
8180060,-3.00438265902788
8200052,-2.98482819016844
8220044,-2.96885588530207
8240036,-2.96156894941684
8260028,-2.95549235949616
8280020,-2.95635577487872
8300012,-2.95595771290304
8320004,-2.94859610446341
8339996,-2.94130734510908
8359988,-2.93331957244361
8379980,-2.93122740224989
8399972,-2.92880742814962
8419964,-2.92676687674114
8439956,-2.9195594778392
8459948,-2.91673563393702
8479940,-2.90174222991918
8499932,-2.88240105559904
8519924,-2.86531405922645
8539916,-2.848173729876
8559908,-2.83518824255967
8579900,-2.82314256752132
8599892,-2.80791799022138
8619884,-2.78197325360503
8639876,-2.75966624059917
8659868,-2.73889808273158
8679860,-2.72365593456175
8699852,-2.71432275249736
8719844,-2.70762989438879
8739836,-2.69353350539502
8759828,-2.68329587520909
8779820,-2.67287830642783
8799812,-2.67164519842537
8819804,-2.67213068626677
8839796,-2.672376423615
8859788,-2.66308616401588
8879780,-2.65692117213539
8899772,-2.64425685766796
8919764,-2.61968068264414
8939756,-2.58802203769072
8959748,-2.5531049381262
8979740,-2.51924388159988
8999732,-2.49913402445602
9019724,-2.48266614676309
9039716,-2.46832350878618
9059708,-2.46207742282134
9079700,-2.44994493378783
9099692,-2.45291678162279
9119684,-2.45532412584819
9139676,-2.46863388473954
9159668,-2.47701617592376
9179660,-2.47808031440881
9199652,-2.47283413337316
9219644,-2.46835726327656
9239636,-2.45268439158596
9259628,-2.42911853074651
9279620,-2.40969508403557
9299612,-2.37619635110769
9319604,-2.34024608565383
9339596,-2.30995267915628
9359588,-2.28390394502021
9379580,-2.27608449770281
9399572,-2.2620628807153
9419564,-2.242345368091
9439556,-2.23073101345776
9459548,-2.22507616031741
9479540,-2.21377436175192
9499532,-2.20997458077848
9519524,-2.21658906720905
9539516,-2.21038680519949
9559508,-2.20770906899359
9579500,-2.19210533809493
9599492,-2.1670518212646
9619484,-2.15652345895964
9639476,-2.1382840701869
9659468,-2.12018198667872
9679460,-2.09875705686108
9699452,-2.07589480095746
9719444,-2.05301322264257
9739436,-2.0299286167947
9759428,-2.0004068722291
9799412,-1.96416628782869
9839396,-1.92100993537916
9879380,-1.89673235819693
9920197,-1.87572852057442
9960181,-1.85878656697542
10000165,-1.83650137185729
10040149,-1.81243565152424
10080133,-1.7691027920757
10120117,-1.72570600165511
10160101,-1.69688177731503
10200085,-1.6604968421318
10240069,-1.61827923153032
10280053,-1.59933338221716
10320037,-1.5713291252744
10360021,-1.55056861334275
10400005,-1.50842100873858
10439989,-1.4838334065399
10479973,-1.44486665846646
10519957,-1.42486745108864
10559941,-1.39864940310324
10599925,-1.39266799797825
10639909,-1.36707109971484
10679893,-1.34651752627682
10719877,-1.31334488373363
10759861,-1.27696760564731
10799845,-1.23808048330773
10839829,-1.21736320144699
10879813,-1.20579350189205
10919797,-1.18941804119382
10959781,-1.16991896975996
10999765,-1.14897082318989
11039749,-1.12003952371282
11079733,-1.08781548788489
11119717,-1.06396054061176
11159701,-1.04229110834662
11199685,-1.02865227138829
11239669,-1.01127194749766
11299645,-0.981186089688679
11359621,-0.952176132783577
11419597,-0.923028487662116
11479573,-0.878374129249898
11539549,-0.855136194207066
11599525,-0.822555346189338
11659501,-0.807562499527547
11719477,-0.782480356527441
11779453,-0.753648677833745
11839429,-0.730376012296884
11899405,-0.698916350408695
11959381,-0.671050649033173
12040182,-0.654036920555886
12120150,-0.638534811043545
12200118,-0.604022608640593
12280086,-0.570791596678805
12360054,-0.674561188541315
12420030,-0.8069461870701
12480006,-0.68131085009133
12619950,-0.299609093675134
12739902,-0.360162102098909
13079766,0.140495250392212
13219710,0.289696068620832
13339662,0.39278261817548
13439622,0.476223848543848
13519590,0.544872902668339
13599558,0.568005823044873
13679526,0.601999358332583
13759494,0.661133735077437
13819470,0.696925954880528
13879446,0.718379594035434
13939422,0.722955550677819
13999398,0.748513826091859
14059374,0.781327467615982
14120183,0.787744719148351
14180159,0.802455617950403
14240135,0.812385059272463
14300111,0.822656679403064
14360087,0.837254404100548
14420063,0.84557267950262
14480039,0.841440450634716
14540015,0.851715456052149
14599991,0.831086553188843
14659967,0.819713456760961
14719943,0.820257502328051
14779919,0.831669717068507
14839895,0.830700205701774
14899871,0.803555110419388
14959847,0.775135824631704
15019823,0.764251050892224
15079799,0.775760532590144
15139775,0.798746403586786
15199751,0.786383842680145
15259727,0.772854568962534
15319703,0.75652288930342
15379679,0.739037477936375
15439655,0.729013886182262
15499631,0.711721089210382
15559607,0.715194313380171
15619583,0.685180993648808
15679559,0.676388914506832
15739535,0.66763370537271
15819503,0.644557551202511
15899471,0.606681550360581
15979439,0.602360838936295
16059407,0.580974887140296
16139375,0.569911729689033
16220176,0.530950406623327
16300144,0.510837778407941
16400104,0.481459021577921
16500064,0.470782284578563
16600024,0.436208013139705
16699984,0.401288430678901
16819936,0.366990748409616
16939888,0.371416003930691
17079832,0.320609733667976
17239768,0.257832864568056
17419696,0.226612489725935
17699584,0.153042959589153
18440121,-0.058137264080644
18819969,-0.116760171677908
19099857,-0.145767063502434
19339761,-0.166811094015603
19559673,-0.192399697947192
19739601,-0.225127468643556
19839561,0.665642945383451
19879545,1.40211511521056
19919529,1.81938166373341
19959513,1.73777072124885
20039481,-1.02080790916356
20059473,-2.14506901310692
20079465,-3.22120868826703
20099457,-4.19677836218344
20119449,-5.03021163609578
20139441,-5.71182145364842
20159433,-6.2298268155744
20179425,-6.59153390100062
20199417,-6.78833287655823
20219409,-6.81299212011305
20239401,-6.72216965096745
20259393,-6.56980060337871
20279385,-6.40519799710494
20299377,-6.25356150072227
20319369,-6.12510044974916
20340194,-6.02142845890001
20360186,-5.94014614381285
20380178,-5.87664981291832
20400170,-5.82098008728982
20420162,-5.75775901201489
20440154,-5.69543888629405
20460146,-5.63817584445078
20480138,-5.56757111667469
20500130,-5.48811365150315
20520122,-5.41398618983025
20540114,-5.34787730345213
20560106,-5.29079069602667
20580098,-5.24615348651955
20600090,-5.21594020030377
20620082,-5.21273833542395
20640074,-5.21832960181287
20660066,-5.22279643685894
20680058,-5.23279118520077
20700050,-5.25555012077951
20720042,-5.27154517568376
20740034,-5.28490921931398
20760026,-5.29052992188707
20780018,-5.26793119678489
20800010,-5.22491129312368
20820002,-5.16914941671145
20839994,-5.11077617589318
20859986,-5.05436744967684
20879978,-5.01841547599015
20899970,-4.9932942610664
20919962,-4.9745261828916
20939954,-4.95990801227682
20959946,-4.94630388264119
20979938,-4.9402806034396
20999930,-4.93205641587422
21019922,-4.92078864240471
21039914,-4.90145546065534
21059906,-4.88485615203087
21079898,-4.86828023767279
21099890,-4.8465354645539
21119882,-4.82943591054518
21139874,-4.80589185700746
21159866,-4.7876993039724
21179858,-4.7622894733772
21199850,-4.74003201951111
21219842,-4.71504528798209
21239834,-4.69781113574549
21259826,-4.67304278028941
21279818,-4.64671333842759
21299810,-4.62047753049796
21319802,-4.59664657746675
21339794,-4.57469590143221
21359786,-4.54963666491727
21379778,-4.53532292747579
21399770,-4.53322662180247
21419762,-4.53150232579041
21439754,-4.5221791901192
21459746,-4.51321393222182
21479738,-4.48922411182705
21499730,-4.44776652008853
21519722,-4.39473654692911
21539714,-4.34032300530853
21559706,-4.28743892872396
21579698,-4.23736630248599
21599690,-4.18803888853159
21619682,-4.15126279985459
21639674,-4.1188446580007
21659666,-4.08571092817935
21679658,-4.0586434790792
21699650,-4.04937859239942
21719642,-4.0492659743142
21739634,-4.05110638617121
21759626,-4.05899099789538
21779618,-4.06956037558069
21799610,-4.07185952966133
21819602,-4.06716524275356
21839594,-4.05940915770338
21859586,-4.05711178254642
21879578,-4.053901687731
21899570,-4.04729429421435
21919562,-4.03460638391216
21939554,-4.01575901438456
21959546,-3.99292739897631
21979538,-3.9707936145142
21999530,-3.95284855541777
22019522,-3.93649583354533
22039514,-3.92354571031372
22059506,-3.90141832729201
22079498,-3.88194925329285
22099490,-3.85947594086186
22119482,-3.82926560588196
22139474,-3.79905989055764
22159466,-3.76889451597495
22179458,-3.73920449777354
22199450,-3.70997019988839
22219442,-3.68728699160601
22239434,-3.65842903877983
22259426,-3.62951370286836
22279418,-3.60743384099748
22299410,-3.58307571109197
22319402,-3.56788871202667
22339394,-3.55116165496901
22359386,-3.53272071043977
22379378,-3.51360909700304
22399370,-3.49672802388229
22420195,-3.47026883697688
22440187,-3.45073694750873
22460179,-3.43601655519237
22480171,-3.40308896196833
22500163,-3.37161990724457
22520155,-3.33334721211973
22540147,-3.3060135912859
22560139,-3.28256618273949
22580131,-3.25748384425611
22600123,-3.23177059025665
22620115,-3.20189387606709
22640107,-3.17514584297515
22660099,-3.15061334410936
22680091,-3.12806193730044
22700083,-3.10685541710905
22720075,-3.09330701136187
22740067,-3.07348239987434
22760059,-3.05161265162587
22780051,-3.0282115850955
22800043,-3.00495027423713
22820035,-2.98217631316676
22840027,-2.95870061148649
22860019,-2.9348395666268
22880011,-2.91919218674154
22900003,-2.90404458274342
22919995,-2.88090386708223
22939987,-2.861326760516
22959979,-2.84019692873451
22979971,-2.82090124298123
22999963,-2.80069969949933
23019955,-2.78315435678109
23039947,-2.75524706306503
23059939,-2.72847228371691
23079931,-2.70289683263363
23099923,-2.6717034718715
23119915,-2.64935320877927
23139907,-2.62742868602526
23159899,-2.60604420850126
23179891,-2.5895750635495
23199883,-2.56251179966005
23219875,-2.52954845311292
23239867,-2.50537045566944
23259859,-2.47398072518833
23279851,-2.43628874328314
23299843,-2.40157820262538
23319835,-2.36375426066596
23339827,-2.33377229123555
23359819,-2.31661033846572
23379811,-2.29723257505685
23399803,-2.28721811310403
23419795,-2.27574151607069
23439787,-2.26845081065213
23459779,-2.26371571767327
23479771,-2.25534080864321
23499763,-2.24982455448984
23519755,-2.23935976088807
23539747,-2.22235558509285
23559739,-2.19475592757547
23579731,-2.16309316169419
23599723,-2.12568309879906
23619715,-2.09308018546414
23639707,-2.05919112552289
23659699,-2.03174594070145
23679691,-2.00947777029593
23719675,-1.98269001662162
23759659,-1.96133448013021
23799643,-1.93526124379766
23839627,-1.91905703860004
23879611,-1.88543234894177
23919595,-1.84658883265518
23959579,-1.80205590832724
23999563,-1.77814604504014
24039547,-1.7491602162443
24079531,-1.72297820217063
24119515,-1.68075385015031
24159499,-1.62072904530794
24199483,-1.56947074383553
24239467,-1.53405183066474
24279451,-1.5080947868852
24319435,-1.49036183829039
24359419,-1.48458982787196
24399403,-1.43841673107778
24439387,-1.37655823653051
24479371,-1.31368688229754
24520188,-1.27813087569521
24560172,-1.24629378908455
24600156,-1.24539143415216
24640140,-1.23623764980981
24680124,-1.21822811464557
24720108,-1.16526453035659
24760092,-1.11097929136872
24800076,-1.06534351406193
24840060,-1.0390082217759
24880044,-1.01349334206255
24920028,-1.00762730760985
24980004,-0.990005113973513
25019988,-1.00444963897551
25059972,-1.01262971833966
25119948,-0.94750808647407
25179924,-0.85296096131904
25239900,-0.778769661946696
25299876,-0.726392374882821
25359852,-0.699877206558756
25419828,-0.68383087932454
25499796,-0.637594670431153
25579764,-0.587628604426229
25679724,-0.476705861908431
25759692,-0.519058195818366
25839660,-0.506601014336601
25919628,-0.501100076022591
26019588,-0.464040146271346
26119548,-0.434863425138655
26239500,-0.361751890576982
26299476,-1.06663585281068
26339460,-1.13751012455157
26399436,-0.824288769759818
26519388,0.551549466105052
26620181,0.435637105248133
26760125,0.28675938533702
26980037,0.213674801744445
27099989,0.345197290938354
27179957,0.510156921888975
27259925,0.596034094918751
27339893,0.633379721051198
27419861,0.671892935217095
27479837,0.707128563656695
27539813,0.782248051825942
27599789,0.840893354798022
27659765,0.88619398279781
27719741,0.920281939356774
27779717,0.981159253308345
27839693,0.974721478755776
27899669,0.9590676771277
27959645,0.903620187459916
28019621,0.924793075135076
28079597,0.958777401803861
28139573,0.996209666723145
28199549,0.990349581877475
28259525,0.99250026107312
28319501,0.98744687316798
28379477,0.988851846939168
28439453,0.989762280771851
28479437,1.00242079336974
28519421,1.0133861641739
28559405,1.02565896366337
28599389,1.03765360316655
28639373,1.03837822765499
28680190,1.02083499656111
28740166,0.98668453131967
28800142,0.964191221954886
28860118,0.968556093152441
28920094,0.998013857497183
28980070,1.00759760780993
29040046,0.981609908816377
29100022,0.957047857309833
29159998,0.924678459797036
29219974,0.893190254696561
29279950,0.865906186938402
29339926,0.871166269576424
29399902,0.861884689591123
29459878,0.847423000332744
29519854,0.816879438125753
29579830,0.801554225996252
29639806,0.784811383489566
29699782,0.766331096644535
29759758,0.740773163121897
29819734,0.720099906073905
29879710,0.70416912033387
29939686,0.700043877969372
29999662,0.706355357224744
30059638,0.701630487796416
30139606,0.651116774804621
30219574,0.601973487275413
30299542,0.581481043583749
30379510,0.529543636013512
30459478,0.50211035520507
30559438,0.477006277279265
30659398,0.434673149089182
30760191,0.41063613091482
30880143,0.392772549450852
31000095,0.349737833377549
31140039,0.315920165568799
31299975,0.265782853923587
31479903,0.235876863734136
31779783,0.139177835050689
32639439,-0.051647565290815
32980136,-0.119119106930675
33220040,-0.17035641196208
33419960,0.323328948102538
33459944,1.14822401415448
33499928,1.79356217173446
33539912,1.97409366431864
33579896,1.63192089581041
33639872,-0.902161851281462
33679856,-3.0331157704381
33699848,-3.96546005722796
33719840,-4.75263093340271
33739832,-5.3704907847566
33759824,-5.82822046793324
33779816,-6.12424299212099
33799808,-6.24552941776483
33819800,-6.21350052824917
33839792,-6.08698879622937
33859784,-5.91864132513046
33879776,-5.74867998099564
33899768,-5.59081547568243
33919760,-5.45591125313897
33939752,-5.3547585508023
33959744,-5.27604966969684
33979736,-5.21653040630096
33999728,-5.16582393225564
34019720,-5.1138679358749
34039712,-5.05740506511634
34059704,-4.99854227000025
34079696,-4.94192529632189
34099688,-4.88010660541928
34119680,-4.80595506059075
34139672,-4.73266429697763
34159664,-4.66591244640064
34179656,-4.5989146957855
34199648,-4.53538079758573
34219640,-4.47564186356313
34239632,-4.42745694773336
34259624,-4.39089108756647
34279616,-4.36171596472207
34299608,-4.34887067043647
34319600,-4.35095813189588
34339592,-4.36265540982626
34359584,-4.3730214965864
34379576,-4.37787148469131
34399568,-4.37543417504053
34419560,-4.37143365629333
34439552,-4.35334280718047
34459544,-4.32897799308753
34479536,-4.30102288509182
34499528,-4.27419217971379
34519520,-4.25403022994494
34539512,-4.22678943519402
34559504,-4.20111165577449
34579496,-4.18606075493816
34599488,-4.17284896532684
34619480,-4.15562650375241
34639472,-4.14275640376815
34659464,-4.12587302300845
34679456,-4.07861602556612
34699448,-4.00799290886722
34719440,-3.92900667399836
34739432,-3.85553619931314
34759424,-3.78575693100955
34779416,-3.71970840208386
34799408,-3.6755901196156
34819400,-3.64370202454878
34839392,-3.62067928741029
34859384,-3.61169545113383
34879376,-3.63549350698428
34900201,-3.67133295718304
34920193,-3.71029275068879
34940185,-3.74520365741429
34960177,-3.77896722622696
34980169,-3.82267878264259
35000161,-3.86307262474937
35020153,-3.90857328479292
35040145,-3.94415793387485
35060137,-3.97414286422733
35080129,-3.97787833350833
35100121,-3.97337219007009
35120113,-3.95161965756981
35140105,-3.93244818337829
35160097,-3.9111564509438
35180089,-3.87601912042093
35200081,-3.84010373905041
35220073,-3.80187840665006
35240065,-3.77399171196114
35260057,-3.74373817453349
35280049,-3.77242685164435
35300041,-3.82887983175122
35320033,-3.90589623899338
35340025,-3.97069264734893
35360017,-4.01539900816538
35380009,-4.02741179972389
35400001,-4.00860900311152
35419993,-3.97097144211021
35439985,-3.92253910514645
35459977,-3.87554459930302
35479969,-3.79030606352629
35499961,-3.69618424316847
35519953,-3.6031931478218
35539945,-3.52510449106746
35559937,-3.47213726184337
35579929,-3.45064489790568
35599921,-3.44983192945569
35619913,-3.45835619806891
35639905,-3.47178562465854
35659897,-3.48245029743349
35679889,-3.50227796270421
35699881,-3.52247025243885
35719873,-3.54743431871344
35739865,-3.5697652312276
35759857,-3.58904477840232
35779849,-3.60514470796849
35799841,-3.6238039225018
35819833,-3.64411848114328
35839825,-3.65611899224086
35859817,-3.65551953783002
35879809,-3.62898158450968
35899801,-3.57316960584361
35919793,-3.49911090296452
35939785,-3.42518550779042
35959777,-3.34653305360062
35979769,-3.28965043113862
35999761,-3.25117483969929
36019753,-3.21883765435479
36039745,-3.20443524555767
36059737,-3.19890315038646
36079729,-3.19390242567806
36099721,-3.19243158581844
36119713,-3.18749631860298
36139705,-3.17649084131745
36159697,-3.16845387987596
36179689,-3.1538288405756
36199681,-3.13241599035193
36219673,-3.11047026966015
36239665,-3.08097259605598
36259657,-3.04809124705415
36279649,-3.0389231157173
36299641,-3.04397860383251
36319633,-3.05845007594251
36339625,-3.07178745517545
36359617,-3.0889470105134
36379609,-3.07466741191037
36399601,-3.04129143738999
36419593,-3.00058373723694
36439585,-2.96579398253064
36459577,-2.93808501781609
36479569,-2.90575653808657
36499561,-2.87028036018267
36519553,-2.83726905721541
36539545,-2.81210479528861
36559537,-2.78227521948737
36579529,-2.77371478720518
36599521,-2.77284311727307
36619513,-2.7804171092446
36639505,-2.7789599132535
36659497,-2.77318062508306
36679489,-2.74806281029064
36699481,-2.71736846846051
36719473,-2.68481419745102
36739465,-2.64447042226425
36759457,-2.6120699856824
36779449,-2.58478305739451
36799441,-2.56675864801173
36819433,-2.55455059707451
36839425,-2.53807828831049
36859417,-2.52277194440339
36879409,-2.50091007477435
36899401,-2.46823098084125
36919393,-2.42909779242292
36939385,-2.39412006221449
36959377,-2.3522405273818
36979369,-2.31440449170386
37000194,-2.28026892004457
37020186,-2.23093000353343
37040178,-2.19706149605785
37060170,-2.1646281550295
37080162,-2.1434605283154
37100154,-2.14214770995071
37120146,-2.14610205952765
37140138,-2.15006891603495
37160130,-2.14240217262116
37180122,-2.12922149514357
37200114,-2.11317105994883
37220106,-2.10752244826323
37240098,-2.09677567565552
37260090,-2.08611896636215
37280082,-2.05796522582535
37300074,-2.0123834359432
37340058,-1.91295967930386
37380042,-1.85088933492315
37420026,-1.77562610988393
37460010,-1.69426299056514
37499994,-1.68667067934335
37539978,-1.6985800533783
37579962,-1.67993213094394
37619946,-1.64058281312983
37659930,-1.58249865291859
37699914,-1.5414200219714
37739898,-1.50997340407666
37779882,-1.49068202288712
37819866,-1.45480013762531
37859850,-1.4210357063491
37899834,-1.37282845108757
37939818,-1.33093783456361
37979802,-1.2911466833169
38019786,-1.26480834715613
38059770,-1.245863962327
38099754,-1.21443853212173
38139738,-1.18026243376887
38179722,-1.14999244455999
38219706,-1.12943589298514
38259690,-1.12850124082299
38299674,-1.1039040535999
38339658,-1.06701692833832
38379642,-1.01193849719828
38439618,-0.929931513155586
38499594,-0.876332000882141
38559570,-0.865242319716539
38619546,-0.843440404992635
38679522,-0.801144259377372
38739498,-0.771301628247347
38799474,-0.725703796393901
38859450,-0.690171801860428
38939418,-0.647560397178413
39019386,-0.613893400105579
39059370,-1.03182850955181
39100187,-1.19152797934194
39140171,-1.06926900844018
39200147,-0.747376080891496
39520019,-0.136876105599325
39739931,0.206053787390792
39859883,0.361081761932837
39959843,0.483837593828802
40039811,0.534204966421936
40119779,0.548880975096783
40199747,0.620076271024219
40259723,0.713387138501003
40319699,0.764448579285764
40379675,0.783945869347497
40439651,0.748137305502088
40499627,0.74254864907067
40559603,0.785372112971421
40619579,0.819729785961725
40679555,0.844394567126076
40739531,0.877076603120041
40799507,0.920534839527525
40859483,0.981865807851095
40919459,1.00531219077147
40979435,0.979878317034897
41039411,0.896732829722025
41099387,0.831558955104673
41160196,0.811643467340241
41220172,0.843290265483906
41280148,0.934804951673551
41340124,0.996422153486661
41380108,1.01419946438453
41420092,1.02938314760144
41460076,1.01323553557624
41500060,1.00403658521424
41540044,1.00515295261853
41580028,1.01614692304285
41620012,1.01086808952508
41659996,1.01338771531976
41699980,1.0064603288477
41759956,0.985972313608404
41819932,0.997355880256311
41859916,1.01994354509859
41899900,1.04074524592231
41939884,1.02645258183618
41999860,0.958596303375791
42059836,0.817347325200681
42119812,0.758987312181654
42179788,0.790634614796846
42239764,0.861256921682002
42299740,0.881540326491937
42359716,0.850473660582408
42419692,0.774538547881409
42479668,0.701374653835026
42539644,0.689260594218826
42599620,0.694961149076498
42659596,0.695760294889598
42739564,0.645129618747421
42819532,0.6492601402373
42899500,0.658093404749615
42979468,0.63279623198263
43059436,0.59793558489093
43139404,0.571910821506636
43219372,0.558436904904614
43300173,0.521127449874963
43380141,0.508683837019436
43480101,0.4749507720633
43580061,0.447192954627867
43680021,0.428703000192198
43799973,0.37265090638924
43939917,0.314597764412404
44099853,0.276821669413725
44259789,0.259270787424061
44599653,0.126076537826247
45420158,-0.0570247715284147
45819998,-0.104736942945933
46079894,0.392160115623819
46119878,1.22546747397054
46159862,1.85632551423211
46179854,2.00947067302928
46199846,2.04029217201707
46239830,1.65751608666453
46299806,-0.853689503059257
46339790,-2.83185662154285
46359782,-3.65265566013298
46379774,-4.32728827251315
46399766,-4.84052404140536
46419758,-5.18743221665806
46439750,-5.34196920946251
46459742,-5.32440882183459
46479734,-5.16067794827629
46499726,-4.9261022926231
46519718,-4.67149626536396
46539710,-4.4407023935401
46559702,-4.24670588718797
46579694,-4.10450566461389
46599686,-4.00696390066291
46619678,-3.94293497412266
46639670,-3.89135683482794
46659662,-3.84914624738138
46679654,-3.81261681044953
46699646,-3.77659430929023
46719638,-3.73959421304338
46739630,-3.69434185054422
46759622,-3.64361445283172
46779614,-3.5800619859333
46799606,-3.51300039766
46819598,-3.45452992438676
46839590,-3.40297784191511
46859582,-3.36238570123746
46879574,-3.33323448863744
46899566,-3.31320729915414
46919558,-3.28765150711535
46939550,-3.26417811973618
46959542,-3.24638866055185
46979534,-3.22908078528142
46999526,-3.21386539343204
47019518,-3.19231828961519
47039510,-3.1804249553632
47059502,-3.17197790234495
47079494,-3.1828041792322
47099486,-3.20260208651678
47119478,-3.2311230806607
47139470,-3.26427154971387
47159462,-3.30160220520087
47179454,-3.33263595444516
47199446,-3.35271991616585
47219438,-3.36467867114629
47239430,-3.37115659774222
47259422,-3.37462110869913
47279414,-3.38516467067958
47299406,-3.39346758525636
47319398,-3.40525856561045
47339390,-3.41341018093087
47359382,-3.41986672055207
47379374,-3.41806504990761
47400199,-3.4167840340746
47420191,-3.4217987596201
47440183,-3.42842511828063
47460175,-3.42882247963511
47480167,-3.42154975605985
47500159,-3.41809378439901
47520151,-3.41978270821504
47540143,-3.43110534707785
47560135,-3.44726093345093
47580127,-3.46493761558199
47600119,-3.4703124920506
47620111,-3.46804303428266
47640103,-3.45558063225423
47660095,-3.44918292422837
47680087,-3.44281664165349
47700079,-3.44331360959699
47720071,-3.45698649454143
47740063,-3.46018320827031
47760055,-3.45154855162673
47780047,-3.43992158556546
47800039,-3.42716906527403
47820031,-3.41448624922513
47840023,-3.4085452446572
47860015,-3.3892142237466
47880007,-3.3644081589705
47899999,-3.32951431998679
47919991,-3.28196722701071
47939983,-3.24282518747003
47959975,-3.21379839650938
47979967,-3.20590812416094
47999959,-3.22468411746685
48019951,-3.25071649487635
48039943,-3.27917067432809
48059935,-3.31134671309676
48079927,-3.335103120745
48099919,-3.34316741387776
48119911,-3.3435402524834
48139903,-3.32180135227667
48159895,-3.28250617284679
48179887,-3.24380651743869
48199879,-3.1922169903759
48219871,-3.14403186223818
48239863,-3.08809798502315
48259855,-3.04457308623009
48279847,-2.99873587847491
48299839,-2.96591362115362
48319831,-2.93548468416392
48339823,-2.92097795334296
48359815,-2.92261246426529
48379807,-2.92293054730122
48399799,-2.93030440282625
48419791,-2.93497397348664
48439783,-2.94307943344339
48459775,-2.94299793464557
48479767,-2.9446223274989
48499759,-2.94171519207453
48519751,-2.93817887985868
48539743,-2.93517347627089
48559735,-2.92921329520094
48579727,-2.91982061558851
48599719,-2.91355043555276
48619711,-2.90389814584318
48639703,-2.88901838346947
48659695,-2.86539175476648
48679687,-2.83572243501471
48699679,-2.8062564713461
48719671,-2.77659469608387
48739663,-2.74912935038562
48759655,-2.72073617748574
48779647,-2.69631027894602
48799639,-2.67076528782808
48819631,-2.65703242102314
48839623,-2.64508109138071
48859615,-2.63180810887286
48879607,-2.6313993659209
48899599,-2.62887768014505
48919591,-2.62287788102104
48939583,-2.61678390412863
48959575,-2.60334917969956
48979567,-2.58442360630939
48999559,-2.55989569586506
49019551,-2.52618980491601
49039543,-2.4948096918581
49059535,-2.46637615816383
49079527,-2.44167233484366
49099519,-2.4258411753394
49119511,-2.4153229130843
49139503,-2.39563671450747
49159495,-2.38133408537219
49179487,-2.35918690559235
49199479,-2.33796436209847
49219471,-2.31015255073088
49239463,-2.29153688445656
49259455,-2.27484390904908
49279447,-2.2576737220612
49299439,-2.23939613408026
49319431,-2.21521147947592
49339423,-2.19945607531234
49359415,-2.18297312093051
49379407,-2.16414943985003
49399399,-2.14409630467951
49419391,-2.12391827840936
49439383,-2.09649752230765
49459375,-2.07705673268884
49480200,-2.05939652643031
49500192,-2.04187591478833
49520184,-2.030214231954
49540176,-2.01039181614049
49580160,-1.97068017672616
49620144,-1.9458079660098
49660128,-1.91055721961534
49700112,-1.86182412239965
49740096,-1.8224038647423
49780080,-1.80085168778296
49820064,-1.76503408307534
49860048,-1.72193407097781
49900032,-1.6863377859223
49940016,-1.64215064405925
49980000,-1.59684793198334
50019984,-1.55616328478893
50059968,-1.52369024977898
50099952,-1.49539304662944
50139936,-1.46642502087457
50179920,-1.43923304984989
50219904,-1.3986370583223
50259888,-1.38367103447656
50299872,-1.34869809167828
50339856,-1.32299924304616
50379840,-1.2988973412535
50419824,-1.29019500592437
50459808,-1.24334176748689
50499792,-1.21704535754973
50539776,-1.18922440865285
50579760,-1.15653450141048
50619744,-1.12174958355431
50659728,-1.10288369992082
50699712,-1.07651107224599
50739696,-1.04418065712291
50779680,-1.01482426831388
50839656,-0.966716812037985
50899632,-0.925481099367807
50959608,-0.895630452023473
51019584,-0.863272666333057
51079560,-0.838006898905319
51139536,-0.799269717841906
51199512,-0.760229215351474
51259488,-0.733988040270958
51319464,-0.703499454566899
51379440,-0.678826957858528
51459408,-0.63623561518371
51539376,-0.601418580041227
51620177,-0.560396432135788
51700145,-0.530117098836736
51800105,-0.475884522119055
51900065,-0.449284565417327
52000025,-0.413984437491658
52119977,-0.370713022499772
52219937,-0.431215390196508
52299905,-0.510813790826435
52399865,-0.451826740465913
52739729,0.119959186113363
52879673,0.288792824956518
52999625,0.404366785136302
53099585,0.484258148304249
53179553,0.553261560355692
53259521,0.61134533759906
53339489,0.648481828735368
53399465,0.683236500563206
53459441,0.732937241554155
53519417,0.756672500243393
53579393,0.783881132749859
53639369,0.779907764542965
53700178,0.790493292247628
53760154,0.82123661061972
53820130,0.842729111541844
53880106,0.859087164709179
53940082,0.855785134742073
54000058,0.879904681242622
54060034,0.888876703269937
54120010,0.896798620726581
54179986,0.893562143776209
54239962,0.908175043078124
54299938,0.894385867638128
54359914,0.901760620300304
54419890,0.892658652405388
54479866,0.886015564631209
54539842,0.886533598885267
54599818,0.891960788663312
54659794,0.87249441809389
54719770,0.87560333249469
54779746,0.862079927892366
54839722,0.854025511965223
54899698,0.835017417233618
54959674,0.836847161372905
55019650,0.827543801541528
55079626,0.814732823282539
55139602,0.806804409247245
55199578,0.780385585615768
55259554,0.75397446530558
55319530,0.738674354667127
55379506,0.716979759158756
55439482,0.717961218433705
55499458,0.693089943837156
55559434,0.683927426333923
55639402,0.659044064149601
55719370,0.645739405479988
55800171,0.615482852395413
55880139,0.586463106016709
55960107,0.563700751131168
56040075,0.540679317797557
56120043,0.509529367095311
56220003,0.476703882568672
56319963,0.464350653685218
56419923,0.440368879482538
56539875,0.386493030016855
56659827,0.358366931748959
56799771,0.317441724073556
56959707,0.294858285991963
57119643,0.251222777420515
57319563,0.200334856972382
57739395,0.0980128811991893
58519916,-0.0530873669253472
58859780,-0.11918725393077
59119676,-0.161413336607571
59339588,-0.181990024510348
59539508,-0.218121760376671
59719436,-0.243991935894967
59779412,0.683542712005787
59819396,1.44710176299332
59859380,1.83190456095982
59900197,1.72246960720539
59980165,-1.13685113842548
60000157,-2.25524162018098
60020149,-3.31756200944498
60040141,-4.26552042199506
60060133,-5.06386305726813
60080125,-5.702497984466
60100117,-6.17496939521524
60120109,-6.48057770353479
60140101,-6.6185965707716
60160093,-6.59862972457523
60180085,-6.47926838046125
60200077,-6.3139247177706
60220069,-6.13979252136755
60240061,-5.97728999834575
60260053,-5.83791977731283
60280045,-5.72741765947616
60300037,-5.6456640652907
60320029,-5.57864761435099
60340021,-5.52824756753617
60360013,-5.48177476463106
60380005,-5.42621225164753
60399997,-5.36177001586343
60419989,-5.28935816186747
60439981,-5.21371555414291
60459973,-5.13485500904728
60479965,-5.05461256138904
60499957,-4.96717365442976
60519949,-4.89084961521148
60539941,-4.82194355474692
60559933,-4.76908742931456
60579925,-4.73877653473919
60599917,-4.73115654499641
60619909,-4.74078793941286
60639901,-4.7586060759455
60659893,-4.77795627376663
60679885,-4.78230243302299
60699877,-4.79001016122951
60719869,-4.78522424154658
60739861,-4.77486451930078
60759853,-4.75930703640829
60779845,-4.74043862542558
60799837,-4.70893908001076
60819829,-4.67390701755471
60839821,-4.63590013996018
60859813,-4.60318220760364
60879805,-4.60053043168178
60899797,-4.60011160393504
60919789,-4.6021188996209
60939781,-4.60371290041043
60959773,-4.6013898853323
60979765,-4.59605000213059
60999757,-4.59897807467562
61019749,-4.60180577068157
61039741,-4.61105731432124
61059733,-4.62359033429726
61079725,-4.60612325353866
61099717,-4.57822153795972
61119709,-4.55274466279813
61139701,-4.51995989465009
61159693,-4.48456486328603
61179685,-4.44568196874532
61199677,-4.40912477759591
61219669,-4.36993371870641
61239661,-4.32936441609718
61259653,-4.28322738459972
61279645,-4.26072610905494
61299637,-4.24588723583699
61319629,-4.23266186536531
61339621,-4.21998511825246
61359613,-4.20681841503726
61379605,-4.20687415418544
61399597,-4.20688716655746
61419589,-4.21078526983888
61439581,-4.20643550490433
61459573,-4.20577483129417
61479565,-4.20115984322991
61499557,-4.19222125055024
61519549,-4.17788604377641
61539541,-4.17025154550549
61559533,-4.16536278783471
61579525,-4.14523673721179
61599517,-4.12083949856407
61619509,-4.0965357157456
61639501,-4.07956124948644
61659493,-4.05953365896074
61679485,-4.02899413096439
61699477,-4.01078906568263
61719469,-3.99667696971777
61739461,-3.96779046148176
61759453,-3.93805138240178
61779445,-3.9149481454072
61799437,-3.88390290631171
61819429,-3.85230737208002
61839421,-3.81342044823699
61859413,-3.77327353842238
61879405,-3.71187869170854
61899397,-3.62878481133177
61919389,-3.54064196447522
61939381,-3.47162484226615
61959373,-3.41422626871663
61980198,-3.37298833882993
62000190,-3.35039192862473
62020182,-3.33872493448967
62040174,-3.33771617348003
62060166,-3.33630050839764
62080158,-3.36379822473424
62100150,-3.39958592100182
62120142,-3.43710663220853
62140134,-3.45775273238969
62160126,-3.45772187591709
62180118,-3.43415446783224
62200110,-3.39971446480615
62220102,-3.34875869640852
62240094,-3.29398972364966
62260086,-3.23347670209609
62280078,-3.16519247384265
62300070,-3.09039113661022
62320062,-3.00938306503777
62340054,-2.94574913978075
62360046,-2.89092620202783
62380038,-2.83422127286207
62400030,-2.77061289335098
62420022,-2.70990785963403
62440014,-2.6648345964177
62460006,-2.62825190763105
62479998,-2.61187604335604
62499990,-2.62614650824067
62519982,-2.64633598449223
62539974,-2.66589150907998
62559966,-2.68879584567746
62579958,-2.71104947248503
62599950,-2.72176303287577
62619942,-2.72806259824072
62639934,-2.7083985939427
62659926,-2.69247354521963
62679918,-2.66874895366485
62699910,-2.64081075684347
62719902,-2.61685165658365
62739894,-2.58939101512357
62759886,-2.55887244096631
62779878,-2.4934712220623
62799870,-2.43337255298254
62819862,-2.38035848445788
62839854,-2.33373240783898
62859846,-2.29578582405414
62879838,-2.26081993001919
62899830,-2.23231570312944
62919822,-2.20883621015035
62939814,-2.18862788135894
62959806,-2.15679650964007
62979798,-2.16638540018819
62999790,-2.18430633516669
63019782,-2.19819287406415
63039774,-2.2057072327615
63059766,-2.21090185758747
63079758,-2.1869941204117
63099750,-2.13829043399026
63119742,-2.07384890510009
63159726,-1.94105497092078
63199710,-1.87074296707742
63239694,-1.82654370121256
63279678,-1.79848347910388
63319662,-1.82793545295107
63359646,-1.86553875551376
63399630,-1.85111924171177
63439614,-1.81150342113074
63479598,-1.75641011171889
63519582,-1.66707314460201
63559566,-1.58384162099754
63599550,-1.5136618771811
63639534,-1.47472914842557
63679518,-1.44731582852455
63719502,-1.44583019011311
63759486,-1.44005640127768
63799470,-1.39959851872051
63839454,-1.33953385083093
63879438,-1.27406560138297
63919422,-1.21523590145137
63959406,-1.15994774428384
63999390,-1.1222760826965
64039374,-1.10349628536738
64080191,-1.06953712940846
64120175,-1.04174067464495
64160159,-1.01481858063898
64200143,-1.00310568477579
64260119,-0.983051308310193
64320095,-0.978524988364617
64380071,-0.950569158741486
64440047,-0.909339881598255
64500023,-0.842826480713227
64559999,-0.753743011210829
64639967,-0.61017600016935
64719935,-0.529943459717894
64819895,-0.484156738644744
64919855,-0.466027177378635
64999823,-0.50324801151214
65079791,-0.531186752047882
65199743,-0.366766929542352
65319695,-0.354121156571754
65439647,-0.360518997786589
65579591,-0.315188142297031
65739527,-0.2670349679281
65919455,-0.270651220190561
66059399,-0.286983906156867
66360112,0.152699634197523
66520048,0.280983141512818
66640000,0.386890452628766
66739960,0.500221064014332
66819928,0.553057470020763
66899896,0.622918652892652
66959872,0.672606387489316
67019848,0.722949547182643
67079824,0.736788196691244
67139800,0.758489371940368
67199776,0.78481635016614
67259752,0.786999912688492
67319728,0.803040656149785
67379704,0.810289969350422
67439680,0.802599608861266
67499656,0.771384818941891
67559632,0.73436015320302
67619608,0.748790791635755
67679584,0.786784366366797
67739560,0.822069558453054
67799536,0.821645745342209
67859512,0.836847703619797
67919488,0.851807332388466
67979464,0.876635613155511
68039440,0.87091036470836
68099416,0.878452422766238
68159392,0.873324528329838
68220201,0.821787991901252
68280177,0.771242939959095
68340153,0.792204122559554
68400129,0.80672470696257
68460105,0.795995869206863
68520081,0.754929198843107
68580057,0.731057657631857
68640033,0.769718909450914
68700009,0.787024365833704
68759985,0.791477969309828
68819961,0.755497103981403
68879937,0.704609270662944
68939913,0.709647671275113
68999889,0.685936911470143
69059865,0.714121552712842
69119841,0.676264699394514
69199809,0.611462127232833
69279777,0.590172625415425
69359745,0.612765660657535
69439713,0.573859656528939
69519681,0.5289503946105
69619641,0.498582334063956
69719601,0.492339399482472
69799569,0.515787918677735
69879537,0.514126386923789
69979497,0.453722840921465
70079457,0.42337018573201
70199409,0.371065001204857
70360178,0.258346081832978
70520114,0.268656261138534
70780010,0.163850323037528
71039906,0.165955114962977
71499722,0.0871995244560086
72119474,-0.0647550588658868
72379370,-0.170854173930356
72600115,-0.198476110759638
72800035,-0.204599849401667
72979963,-0.246467899389588
73139899,-0.25167259712497
73299835,-0.255466821986476
73459771,-0.256038872228043
73619707,-0.274918720667615
73779643,-0.272149840314755
73939579,-0.271876448297813
74099515,-0.275259067197905
74319427,-0.191463217809451
74439379,-0.35483670874447
74520180,-0.50061956180837
74600148,-0.579085502167356
74660124,-0.68823565022973
74720100,-0.902244262119934
74760084,-1.19175058524205
74800068,-1.8525967794633
74820060,-2.64330860384601
74840052,-4.27990457232928
74860044,-3.19553398669294
